config_basename,prompt_id,run_id,kappa_parameter,gamma_weighting_parameter,total_surface_area_A_prime,total_salience_contribution,total_curvature_contribution,normalized_surface_area,normalized_salience_contribution,normalized_curvature_contribution,num_generation_steps_included,mean_step_salience,mean_step_curvature,max_step_salience,max_step_curvature,surface_area_variance,surface_area_std,curvature_salience_ratio,surface_area_range,surface_area_coefficient_of_variation
analysis-gemma3-1b-n50-lr1e-5-d20000-k0.075,control_computational_hallucination,run_0,0.075,0.0,419312.8758863114,419312.8758863114,0.0,690.7955121685526,690.7955121685526,0.0,607,690.7955121685526,0.005574864316034292,786.4567142439105,0.00741728547649,2573.2416041323236,50.72712887728147,8.070209226654672e-06,247.02504185107261,0.07343291608545391
analysis-gemma3-1b-n50-lr1e-5-d20000-k0.075,control_computational_hallucination,run_0,0.075,0.5,419314.5678576313,419312.8758863114,1.6919713199164077,690.7982996007106,690.7955121685526,0.002787432158017146,607,690.7955121685526,0.005574864316034292,786.4567142439105,0.00741728547649,2573.2285864848245,50.72700056660974,8.070209226654672e-06,247.02411172750726,0.07343243403455181
analysis-gemma3-1b-n50-lr1e-5-d20000-k0.075,control_computational_hallucination,run_0,0.075,1.0,419316.2598289512,419312.8758863114,3.3839426398328154,690.8010870328685,690.7955121685526,0.005574864316034292,607,690.7955121685526,0.005574864316034292,786.4567142439105,0.00741728547649,2573.215568884216,50.72687225607563,8.070209226654672e-06,247.0231816039419,0.07343195198773918
analysis-gemma3-1b-n50-lr1e-5-d20000-k0.075,control_computational_hallucination,run_0,0.075,1.5,419317.95180027117,419312.8758863114,5.075913959749223,690.8038744650266,690.7955121685526,0.008362296474051439,607,690.7955121685526,0.005574864316034292,786.4567142439105,0.00741728547649,2573.202551330497,50.72674394567916,8.070209226654672e-06,247.02225148037655,0.07343146994501593
analysis-gemma3-1b-n50-lr1e-5-d20000-k0.075,control_computational_hallucination,run_0,0.075,2.0,419319.6437715911,419312.8758863114,6.767885279665631,690.8066618971847,690.7955121685526,0.011149728632068584,607,690.7955121685526,0.005574864316034292,786.4567142439105,0.00741728547649,2573.189533823667,50.726615635420295,8.070209226654672e-06,247.0213213568112,0.07343098790638201
analysis-gemma3-1b-n50-lr1e-5-d20000-k0.075,control_computational_hallucination,run_1,0.075,0.0,35022.536742720105,35022.536742720105,0.0,636.7733953221838,636.7733953221838,0.0,55,636.7733953221838,0.005684687602503962,731.3159761474079,0.00741728547649,948.5016522370616,30.79775401286694,8.927332147141167e-06,167.5035311080693,0.048365327821656895
analysis-gemma3-1b-n50-lr1e-5-d20000-k0.075,control_computational_hallucination,run_1,0.075,0.5,35022.69307162918,35022.536742720105,0.15632890906885896,636.7762376659851,636.7733953221838,0.002842343801251981,55,636.7733953221838,0.005684687602503962,731.3159761474079,0.00741728547649,948.4914888464665,30.797589010285634,8.927332147141167e-06,167.50276690833084,0.04836485281418465
analysis-gemma3-1b-n50-lr1e-5-d20000-k0.075,control_computational_hallucination,run_1,0.075,1.0,35022.849400538245,35022.536742720105,0.3126578181377179,636.7790800097863,636.7733953221838,0.005684687602503962,55,636.7733953221838,0.005684687602503962,731.3159761474079,0.00741728547649,948.4813255697843,30.79742400866969,8.927332147141167e-06,167.5020027085926,0.04836437781246894
analysis-gemma3-1b-n50-lr1e-5-d20000-k0.075,control_computational_hallucination,run_1,0.075,1.5,35023.005729447315,35022.536742720105,0.46898672720657686,636.7819223535876,636.7733953221838,0.008527031403755943,55,636.7733953221838,0.005684687602503962,731.3159761474079,0.00741728547649,948.471162407015,30.79725900801912,8.927332147141167e-06,167.50123850885416,0.04836390281650968
analysis-gemma3-1b-n50-lr1e-5-d20000-k0.075,control_computational_hallucination,run_1,0.075,2.0,35023.16205835638,35022.536742720105,0.6253156362754358,636.7847646973887,636.7733953221838,0.011369375205007925,55,636.7733953221838,0.005684687602503962,731.3159761474079,0.00741728547649,948.4609993581582,30.79709400833394,8.927332147141167e-06,167.50047430911582,0.048363427826306836
analysis-gemma3-1b-n50-lr1e-5-d20000-k0.075,control_computational_hallucination,run_10,0.075,0.0,69418.03062332615,69418.03062332615,0.0,636.8626662690473,636.8626662690473,0.0,109,636.8626662690473,0.005770245074678619,776.3351534818191,0.00741728547649,1632.1851215767397,40.40031090940687,9.060422882821235e-06,244.02357425180924,0.0634364566321422
analysis-gemma3-1b-n50-lr1e-5-d20000-k0.075,control_computational_hallucination,run_10,0.075,0.5,69418.34510168273,69418.03062332615,0.31447835656998474,636.8655513915847,636.8626662690473,0.0028851225373393097,109,636.8626662690473,0.005770245074678619,776.3351534818191,0.00741728547649,1632.170027829463,40.40012410660966,9.060422882821235e-06,244.02234643496388,0.06343587593697486
analysis-gemma3-1b-n50-lr1e-5-d20000-k0.075,control_computational_hallucination,run_10,0.075,1.0,69418.65958003931,69418.03062332615,0.6289567131399695,636.8684365141221,636.8626662690473,0.005770245074678619,109,636.8626662690473,0.005770245074678619,776.3351534818191,0.00741728547649,1632.1549341981115,40.39993730438343,9.060422882821235e-06,244.02111861811852,0.06343529524796537
analysis-gemma3-1b-n50-lr1e-5-d20000-k0.075,control_computational_hallucination,run_10,0.075,1.5,69418.97405839586,69418.03062332615,0.9434350697099543,636.8713216366593,636.8626662690473,0.00865536761201793,109,636.8626662690473,0.005770245074678619,776.3351534818191,0.00741728547649,1632.1398406826866,40.39975050272819,9.060422882821235e-06,244.01989080127328,0.06343471456511367
analysis-gemma3-1b-n50-lr1e-5-d20000-k0.075,control_computational_hallucination,run_10,0.075,2.0,69419.28853675246,69418.03062332615,1.257913426279939,636.8742067591969,636.8626662690473,0.011540490149357239,109,636.8626662690473,0.005770245074678619,776.3351534818191,0.00741728547649,1632.1247472831867,40.39956370164394,9.060422882821235e-06,244.01866298442792,0.06343413388841963
analysis-gemma3-1b-n50-lr1e-5-d20000-k0.075,control_computational_hallucination,run_11,0.075,0.0,470511.1344492533,470511.1344492533,0.0,697.0535325174123,697.0535325174123,0.0,675,697.0535325174123,0.00559660376787809,789.2085314634315,0.00741728547649,3105.946951179183,55.73102323822148,8.028943986075111e-06,269.7865895586766,0.07995228578348726
analysis-gemma3-1b-n50-lr1e-5-d20000-k0.075,control_computational_hallucination,run_11,0.075,0.5,470513.02330302494,470511.1344492533,1.8888537716588552,697.0563308192962,697.0535325174123,0.002798301883939045,675,697.0535325174123,0.00559660376787809,789.2085314634315,0.00741728547649,3105.931666909805,55.73088611272752,8.028943986075111e-06,269.78580694422055,0.0799517680977423
analysis-gemma3-1b-n50-lr1e-5-d20000-k0.075,control_computational_hallucination,run_11,0.075,1.0,470514.91215679666,470511.1344492533,3.7777075433177103,697.0591291211803,697.0535325174123,0.00559660376787809,675,697.0535325174123,0.00559660376787809,789.2085314634315,0.00741728547649,3105.9163826959693,55.73074898739446,8.028943986075111e-06,269.7850243297646,0.07995125041638462
analysis-gemma3-1b-n50-lr1e-5-d20000-k0.075,control_computational_hallucination,run_11,0.075,1.5,470516.8010105683,470511.1344492533,5.6665613149765655,697.0619274230642,697.0535325174123,0.008394905651817134,675,697.0535325174123,0.00559660376787809,789.2085314634315,0.00741728547649,3105.901098537678,55.73061186222235,8.028943986075111e-06,269.78424171530855,0.07995073273941421
analysis-gemma3-1b-n50-lr1e-5-d20000-k0.075,control_computational_hallucination,run_11,0.075,2.0,470518.6898643399,470511.1344492533,7.555415086635421,697.064725724948,697.0535325174123,0.01119320753575618,675,697.0535325174123,0.00559660376787809,789.2085314634315,0.00741728547649,3105.885814434931,55.73047473721116,8.028943986075111e-06,269.7834591008526,0.07995021506683102
analysis-gemma3-1b-n50-lr1e-5-d20000-k0.075,control_computational_hallucination,run_12,0.075,0.0,738338.0085939458,738338.0085939458,0.0,740.5596876569165,740.5596876569165,0.0,997,740.5596876569165,0.005345490291801766,811.2767360810324,0.00741728547649,2593.4453698532325,50.925881139684094,7.218176172557482e-06,194.4404957432041,0.06876674762139744
analysis-gemma3-1b-n50-lr1e-5-d20000-k0.075,control_computational_hallucination,run_12,0.075,0.5,738340.6733208563,738338.0085939458,2.6647269104631803,740.5623604020625,740.5596876569165,0.002672745145900883,997,740.5596876569165,0.005345490291801766,811.2767360810324,0.00741728547649,2593.4284769349947,50.92571528152545,7.218176172557482e-06,194.439219103303,0.06876627547459624
analysis-gemma3-1b-n50-lr1e-5-d20000-k0.075,control_computational_hallucination,run_12,0.075,1.0,738343.3380477667,738338.0085939458,5.329453820926361,740.5650331472083,740.5596876569165,0.005345490291801766,997,740.5596876569165,0.005345490291801766,811.2767360810324,0.00741728547649,2593.4115840778964,50.92554942342691,7.218176172557482e-06,194.437942463402,0.06876580333128422
analysis-gemma3-1b-n50-lr1e-5-d20000-k0.075,control_computational_hallucination,run_12,0.075,1.5,738346.0027746772,738338.0085939458,7.994180731389541,740.5677058923543,740.5596876569165,0.008018235437702649,997,740.5596876569165,0.005345490291801766,811.2767360810324,0.00741728547649,2593.3946912819347,50.92538356538844,7.218176172557482e-06,194.4366658235009,0.06876533119146128
analysis-gemma3-1b-n50-lr1e-5-d20000-k0.075,control_computational_hallucination,run_12,0.075,2.0,738348.6675015877,738338.0085939458,10.658907641852721,740.5703786375002,740.5596876569165,0.010690980583603533,997,740.5596876569165,0.005345490291801766,811.2767360810324,0.00741728547649,2593.3777985471115,50.92521770741006,7.218176172557482e-06,194.4353891835998,0.06876485905512744
analysis-gemma3-1b-n50-lr1e-5-d20000-k0.075,control_computational_hallucination,run_13,0.075,0.0,102225.04389879113,102225.04389879113,0.0,634.9381608620567,634.9381608620567,0.0,161,634.9381608620567,0.005836175224836223,779.8951299054697,0.00741728547649,2639.5016350823935,51.376080378736496,9.191722256719358e-06,256.63224172657976,0.08091509306824951
analysis-gemma3-1b-n50-lr1e-5-d20000-k0.075,control_computational_hallucination,run_13,0.075,0.5,102225.51371089675,102225.04389879113,0.46981210559931597,634.9410789496692,634.9381608620567,0.0029180876124181116,161,634.9381608620567,0.005836175224836223,779.8951299054697,0.00741728547649,2639.48930081854,51.37596033962324,9.191722256719358e-06,256.6314089344353,0.08091453213991173
analysis-gemma3-1b-n50-lr1e-5-d20000-k0.075,control_computational_hallucination,run_13,0.075,1.0,102225.98352300233,102225.04389879113,0.9396242111986319,634.9439970372815,634.9381608620567,0.005836175224836223,161,634.9381608620567,0.005836175224836223,779.8951299054697,0.00741728547649,2639.476966673353,51.3758403013844,9.191722256719358e-06,256.6305761422909,0.08091397121810698
analysis-gemma3-1b-n50-lr1e-5-d20000-k0.075,control_computational_hallucination,run_13,0.075,1.5,102226.45333510794,102225.04389879113,1.4094363167979478,634.9469151248941,634.9381608620567,0.008754262837254334,161,634.9381608620567,0.005836175224836223,779.8951299054697,0.00741728547649,2639.464632646834,51.37572026401999,9.191722256719358e-06,256.62974335014644,0.08091341030283514
analysis-gemma3-1b-n50-lr1e-5-d20000-k0.075,control_computational_hallucination,run_13,0.075,2.0,102226.92314721353,102225.04389879113,1.8792484223972639,634.9498332125064,634.9381608620567,0.011672350449672447,161,634.9381608620567,0.005836175224836223,779.8951299054697,0.00741728547649,2639.4522987389805,51.37560022753,9.191722256719358e-06,256.62891055800196,0.08091284939409615
analysis-gemma3-1b-n50-lr1e-5-d20000-k0.075,control_computational_hallucination,run_14,0.075,0.0,615255.7557664388,615255.7557664388,0.0,706.3785944505612,706.3785944505612,0.0,871,706.3785944505612,0.005458100094821545,800.6237889446621,0.00741728547649,3979.8513361553596,63.086062931168556,7.726876405515927e-06,281.15112234111416,0.08930913737588334
analysis-gemma3-1b-n50-lr1e-5-d20000-k0.075,control_computational_hallucination,run_14,0.075,0.5,615258.1327690302,615255.7557664388,2.377002591294783,706.3813235006087,706.3785944505612,0.0027290500474107726,871,706.3785944505612,0.005458100094821545,800.6237889446621,0.00741728547649,3979.828898005627,63.08588509330456,7.726876405515927e-06,281.1501355468961,0.08930854057787133
analysis-gemma3-1b-n50-lr1e-5-d20000-k0.075,control_computational_hallucination,run_14,0.075,1.0,615260.5097716216,615255.7557664388,4.754005182589566,706.3840525506562,706.3785944505612,0.005458100094821545,871,706.3785944505612,0.005458100094821545,800.6237889446621,0.00741728547649,3979.8064599375552,63.08570725558647,7.726876405515927e-06,281.1491487526781,0.0893079437846772
analysis-gemma3-1b-n50-lr1e-5-d20000-k0.075,control_computational_hallucination,run_14,0.075,1.5,615262.8867742127,615255.7557664388,7.131007773884349,706.3867816007034,706.3785944505612,0.008187150142232319,871,706.3785944505612,0.005458100094821545,800.6237889446621,0.00741728547649,3979.784021951146,63.08552941801429,7.726876405515927e-06,281.14816195846004,0.08930734699630097
analysis-gemma3-1b-n50-lr1e-5-d20000-k0.075,control_computational_hallucination,run_14,0.075,2.0,615265.2637768041,615255.7557664388,9.508010365179132,706.3895106507509,706.3785944505612,0.01091620018964309,871,706.3785944505612,0.005458100094821545,800.6237889446621,0.00741728547649,3979.7615840463973,63.085351580588004,7.726876405515927e-06,281.14717516424184,0.08930675021274248
analysis-gemma3-1b-n50-lr1e-5-d20000-k0.075,control_computational_hallucination,run_15,0.075,0.0,29043.449182468114,29043.449182468114,0.0,631.3793300536546,631.3793300536546,0.0,46,631.3793300536546,0.005947464505894666,713.668035123827,0.00741728547649,1771.0983547196647,42.08441938199534,9.419796028782332e-06,171.52502476358245,0.0666547309656447
analysis-gemma3-1b-n50-lr1e-5-d20000-k0.075,control_computational_hallucination,run_15,0.075,0.5,29043.58597415174,29043.449182468114,0.1367916836355773,631.3823037859074,631.3793300536546,0.002973732252947333,46,631.3793300536546,0.005947464505894666,713.668035123827,0.00741728547649,1771.0867144127824,42.08428108466132,9.419796028782332e-06,171.5247642928564,0.06665419799116114
analysis-gemma3-1b-n50-lr1e-5-d20000-k0.075,control_computational_hallucination,run_15,0.075,1.0,29043.722765835384,29043.449182468114,0.2735833672711546,631.3852775181605,631.3793300536546,0.005947464505894666,46,631.3793300536546,0.005947464505894666,713.668035123827,0.00741728547649,1771.0750742004666,42.08414278799636,9.419796028782332e-06,171.52450382213033,0.06665366502275769
analysis-gemma3-1b-n50-lr1e-5-d20000-k0.075,control_computational_hallucination,run_15,0.075,1.5,29043.859557519012,29043.449182468114,0.41037505090673193,631.3882512504133,631.3793300536546,0.008921196758841999,46,631.3793300536546,0.005947464505894666,713.668035123827,0.00741728547649,1771.0634340827187,42.0840044920005,9.419796028782332e-06,171.52424335140427,0.06665313206043436
analysis-gemma3-1b-n50-lr1e-5-d20000-k0.075,control_computational_hallucination,run_15,0.075,2.0,29043.996349202647,29043.449182468114,0.5471667345423092,631.3912249826662,631.3793300536546,0.011894929011789332,46,631.3793300536546,0.005947464505894666,713.668035123827,0.00741728547649,1771.051794059539,42.083866196673746,9.419796028782332e-06,171.5239828806782,0.06665259910419104
analysis-gemma3-1b-n50-lr1e-5-d20000-k0.075,control_computational_hallucination,run_16,0.075,0.0,84897.11211467366,84897.11211467366,0.0,628.8674971457308,628.8674971457308,0.0,135,628.8674971457308,0.005843721357962084,789.8304652825672,0.00741728547649,1319.9648090723858,36.331319946739974,9.29245251898889e-06,265.87955443752287,0.05777261523554417
analysis-gemma3-1b-n50-lr1e-5-d20000-k0.075,control_computational_hallucination,run_16,0.075,0.5,84897.50656586533,84897.11211467366,0.3944511916624407,628.8704190064099,628.8674971457308,0.002921860678981042,135,628.8674971457308,0.005843721357962084,789.8304652825672,0.00741728547649,1319.9536470522655,36.33116633212132,9.29245251898889e-06,265.878574637699,0.05777210254144743
analysis-gemma3-1b-n50-lr1e-5-d20000-k0.075,control_computational_hallucination,run_16,0.075,1.0,84897.901017057,84897.11211467366,0.7889023833248814,628.8733408670888,628.8674971457308,0.005843721357962084,135,628.8674971457308,0.005843721357962084,789.8304652825672,0.00741728547649,1319.9424851160377,36.331012718007706,9.29245251898889e-06,265.877594837875,0.05777158985291793
analysis-gemma3-1b-n50-lr1e-5-d20000-k0.075,control_computational_hallucination,run_16,0.075,1.5,84898.29546824865,84897.11211467366,1.183353574987322,628.8762627277678,628.8674971457308,0.008765582036943127,135,628.8674971457308,0.005843721357962084,789.8304652825672,0.00741728547649,1319.9313232637046,36.330859104399174,9.29245251898889e-06,265.8766150380511,0.057771077169955644
analysis-gemma3-1b-n50-lr1e-5-d20000-k0.075,control_computational_hallucination,run_16,0.075,2.0,84898.68991944031,84897.11211467366,1.5778047666497628,628.8791845884467,628.8674971457308,0.011687442715924168,135,628.8674971457308,0.005843721357962084,789.8304652825672,0.00741728547649,1319.920161495265,36.33070549129572,9.29245251898889e-06,265.87563523822723,0.057770564492560496
analysis-gemma3-1b-n50-lr1e-5-d20000-k0.075,control_computational_hallucination,run_17,0.075,0.0,717510.1649448227,717510.1649448227,0.0,742.7641459056135,742.7641459056135,0.0,966,742.7641459056135,0.005341195488516099,808.1582667935904,0.00741728547649,2476.153982746977,49.7609684667308,7.190971074679243e-06,192.36051091994034,0.0669943059866734
analysis-gemma3-1b-n50-lr1e-5-d20000-k0.075,control_computational_hallucination,run_17,0.075,0.5,717512.7447422438,717510.1649448227,2.579797420953276,742.766816503358,742.7641459056135,0.0026705977442580495,966,742.7641459056135,0.005341195488516099,808.1582667935904,0.00741728547649,2476.137337487882,49.76080121428796,7.190971074679243e-06,192.35986416132062,0.06699383993558225
analysis-gemma3-1b-n50-lr1e-5-d20000-k0.075,control_computational_hallucination,run_17,0.075,1.0,717515.3245396647,717510.1649448227,5.159594841906552,742.7694871011022,742.7641459056135,0.005341195488516099,966,742.7641459056135,0.005341195488516099,808.1582667935904,0.00741728547649,2476.1206922893166,49.760633961891166,7.190971074679243e-06,192.3592174027009,0.06699337388790445
analysis-gemma3-1b-n50-lr1e-5-d20000-k0.075,control_computational_hallucination,run_17,0.075,1.5,717517.9043370856,717510.1649448227,7.739392262859828,742.7721576988463,742.7641459056135,0.008011793232774149,966,742.7641459056135,0.005341195488516099,808.1582667935904,0.00741728547649,2476.1040471512815,49.76046670954043,7.190971074679243e-06,192.35857064408117,0.06699290784363998
analysis-gemma3-1b-n50-lr1e-5-d20000-k0.075,control_computational_hallucination,run_17,0.075,2.0,717520.4841345066,717510.1649448227,10.319189683813104,742.7748282965906,742.7641459056135,0.010682390977032198,966,742.7641459056135,0.005341195488516099,808.1582667935904,0.00741728547649,2476.087402073774,49.760299457235725,7.190971074679243e-06,192.35792388546145,0.06699244180278871
analysis-gemma3-1b-n50-lr1e-5-d20000-k0.075,control_computational_hallucination,run_18,0.075,0.0,646212.8274508666,646212.8274508666,0.0,736.0054982356112,736.0054982356112,0.0,878,736.0054982356112,0.005378271149214667,806.7048413894719,0.00741728547649,2485.3880704631338,49.8536665699037,7.3073790373954075e-06,230.24104516614068,0.06773545400056845
analysis-gemma3-1b-n50-lr1e-5-d20000-k0.075,control_computational_hallucination,run_18,0.075,0.5,646215.1885119012,646212.8274508666,2.361061034505239,736.0081873711858,736.0054982356112,0.0026891355746073336,878,736.0054982356112,0.005378271149214667,806.7048413894719,0.00741728547649,2485.3725832008527,49.85351124244763,7.3073790373954075e-06,230.2405383411218,0.06773499547676276
analysis-gemma3-1b-n50-lr1e-5-d20000-k0.075,control_computational_hallucination,run_18,0.075,1.0,646217.5495729356,646212.8274508666,4.722122069010478,736.0108765067603,736.0054982356112,0.005378271149214667,878,736.0054982356112,0.005378271149214667,806.7048413894719,0.00741728547649,2485.3570959942895,49.85335591506644,7.3073790373954075e-06,230.24003151610293,0.06773453695640941
analysis-gemma3-1b-n50-lr1e-5-d20000-k0.075,control_computational_hallucination,run_18,0.075,1.5,646219.9106339702,646212.8274508666,7.083183103515717,736.013565642335,736.0054982356112,0.008067406723822002,878,736.0054982356112,0.005378271149214667,806.7048413894719,0.00741728547649,2485.3416088434437,49.8532005877601,7.3073790373954075e-06,230.23952469108406,0.06773407843950828
analysis-gemma3-1b-n50-lr1e-5-d20000-k0.075,control_computational_hallucination,run_18,0.075,2.0,646222.2716950045,646212.8274508666,9.444244138020956,736.0162547779095,736.0054982356112,0.010756542298429334,878,736.0054982356112,0.005378271149214667,806.7048413894719,0.00741728547649,2485.3261217483155,49.853045260528624,7.3073790373954075e-06,230.2390178660653,0.0677336199260594
analysis-gemma3-1b-n50-lr1e-5-d20000-k0.075,control_computational_hallucination,run_19,0.075,0.0,8587.102530980306,8587.102530980306,0.0,660.5463485369467,660.5463485369467,0.0,13,660.5463485369467,0.005928626958177738,724.9999908669995,0.00741728547649,2081.2443850401014,45.62065743761374,8.97533832608285e-06,167.4696123902562,0.06906503614569905
analysis-gemma3-1b-n50-lr1e-5-d20000-k0.075,control_computational_hallucination,run_19,0.075,0.5,8587.141067055534,8587.102530980306,0.038536075228155296,660.5493128504257,660.5463485369467,0.002964313479088869,13,660.5463485369467,0.005928626958177738,724.9999908669995,0.00741728547649,2081.229926513612,45.62049897265057,8.97533832608285e-06,167.46902569062536,0.06906448630729382
analysis-gemma3-1b-n50-lr1e-5-d20000-k0.075,control_computational_hallucination,run_19,0.075,1.0,8587.179603130762,8587.102530980306,0.07707215045631059,660.5522771639048,660.5463485369467,0.005928626958177738,13,660.5463485369467,0.005928626958177738,724.9999908669995,0.00741728547649,2081.2154681559678,45.62034050898752,8.97533832608285e-06,167.4684389909945,0.06906393647579176
analysis-gemma3-1b-n50-lr1e-5-d20000-k0.075,control_computational_hallucination,run_19,0.075,1.5,8587.21813920599,8587.102530980306,0.11560822568446588,660.5552414773839,660.5463485369467,0.008892940437266607,13,660.5463485369467,0.005928626958177738,724.9999908669995,0.00741728547649,2081.201009967169,45.62018204662459,8.97533832608285e-06,167.46785229136367,0.0690633866511928
analysis-gemma3-1b-n50-lr1e-5-d20000-k0.075,control_computational_hallucination,run_19,0.075,2.0,8587.256675281218,8587.102530980306,0.15414430091262118,660.558205790863,660.5463485369467,0.011857253916355476,13,660.5463485369467,0.005928626958177738,724.9999908669995,0.00741728547649,2081.186551947215,45.620023585561796,8.97533832608285e-06,167.46726559173283,0.06906283683349684
analysis-gemma3-1b-n50-lr1e-5-d20000-k0.075,control_computational_hallucination,run_2,0.075,0.0,24689.365549102306,24689.365549102306,0.0,685.8157096972863,685.8157096972863,0.0,36,685.8157096972863,0.005633649970576708,899.8153515047654,0.00741728547649,5288.103722781839,72.71934902611436,8.214524530304733e-06,351.87664080008994,0.10603336727035914
analysis-gemma3-1b-n50-lr1e-5-d20000-k0.075,control_computational_hallucination,run_2,0.075,0.5,24689.46695480178,24689.365549102306,0.10140569947038074,685.8185265222717,685.8157096972863,0.002816824985288354,36,685.8157096972863,0.005633649970576708,899.8153515047654,0.00741728547649,5288.063600154512,72.71907315247157,8.214524530304733e-06,351.87548433506424,0.10603252951072042
analysis-gemma3-1b-n50-lr1e-5-d20000-k0.075,control_computational_hallucination,run_2,0.075,1.0,24689.568360501245,24689.365549102306,0.20281139894076147,685.8213433472569,685.8157096972863,0.005633649970576708,36,685.8157096972863,0.005633649970576708,899.8153515047654,0.00741728547649,5288.023477760561,72.71879727938685,8.214524530304733e-06,351.8743278700384,0.1060316917587772
analysis-gemma3-1b-n50-lr1e-5-d20000-k0.075,control_computational_hallucination,run_2,0.075,1.5,24689.66976620072,24689.365549102306,0.3042170984111422,685.8241601722423,685.8157096972863,0.00845047495586506,36,685.8157096972863,0.005633649970576708,899.8153515047654,0.00741728547649,5287.983355599992,72.71852140686025,8.214524530304733e-06,351.8731714050126,0.1060308540145294
analysis-gemma3-1b-n50-lr1e-5-d20000-k0.075,control_computational_hallucination,run_2,0.075,2.0,24689.771171900193,24689.365549102306,0.40562279788152295,685.8269769972276,685.8157096972863,0.011267299941153415,36,685.8157096972863,0.005633649970576708,899.8153515047654,0.00741728547649,5287.943233672801,72.71824553489174,8.214524530304733e-06,351.8720149399869,0.10603001627797691
analysis-gemma3-1b-n50-lr1e-5-d20000-k0.075,control_computational_hallucination,run_20,0.075,0.0,28303.19759317704,28303.19759317704,0.0,643.2544907540237,643.2544907540237,0.0,44,643.2544907540237,0.005618831670333633,729.8501750892784,0.00741728547649,941.8345178713528,30.689322538488085,8.73500574204656e-06,142.5437880483738,0.04770945711162315
analysis-gemma3-1b-n50-lr1e-5-d20000-k0.075,control_computational_hallucination,run_20,0.075,0.5,28303.32120747379,28303.19759317704,0.12361429674733991,643.2573001698588,643.2544907540237,0.0028094158351668163,44,643.2544907540237,0.005618831670333633,729.8501750892784,0.00741728547649,941.824437644676,30.689158307856474,8.73500574204656e-06,142.54312801731112,0.04770899343039353
analysis-gemma3-1b-n50-lr1e-5-d20000-k0.075,control_computational_hallucination,run_20,0.075,1.0,28303.44482177054,28303.19759317704,0.24722859349467982,643.2601095856941,643.2544907540237,0.005618831670333633,44,643.2544907540237,0.005618831670333633,729.8501750892784,0.00741728547649,941.8143575332026,30.68899407822294,8.73500574204656e-06,142.54246798624843,0.047708529754765715
analysis-gemma3-1b-n50-lr1e-5-d20000-k0.075,control_computational_hallucination,run_20,0.075,1.5,28303.568436067286,28303.19759317704,0.3708428902420197,643.2629190015292,643.2544907540237,0.008428247505500449,44,643.2544907540237,0.005618831670333633,729.8501750892784,0.00741728547649,941.8042775369307,30.688829849587467,8.73500574204656e-06,142.54180795518562,0.047708066084739625
analysis-gemma3-1b-n50-lr1e-5-d20000-k0.075,control_computational_hallucination,run_20,0.075,2.0,28303.69205036403,28303.19759317704,0.49445718698935964,643.2657284173642,643.2544907540237,0.011237663340667265,44,643.2544907540237,0.005618831670333633,729.8501750892784,0.00741728547649,941.7941976558627,30.68866562195011,8.73500574204656e-06,142.54114792412292,0.04770760242031527
analysis-gemma3-1b-n50-lr1e-5-d20000-k0.075,control_computational_hallucination,run_21,0.075,0.0,116009.84885212236,116009.84885212236,0.0,630.4883089789258,630.4883089789258,0.0,184,630.4883089789258,0.0058247056385580444,735.7175746652629,0.00741728547649,1120.2708675668941,33.4704476750296,9.238403877767598e-06,195.4592737787143,0.05308654767799723
analysis-gemma3-1b-n50-lr1e-5-d20000-k0.075,control_computational_hallucination,run_21,0.075,0.5,116010.3847250411,116009.84885212236,0.5358729187473401,630.4912213317451,630.4883089789258,0.0029123528192790222,184,630.4883089789258,0.0058247056385580444,735.7175746652629,0.00741728547649,1120.263962997053,33.47034453059982,9.238403877767598e-06,195.45862973063754,0.0530861388678856
analysis-gemma3-1b-n50-lr1e-5-d20000-k0.075,control_computational_hallucination,run_21,0.075,1.0,116010.92059795986,116009.84885212236,1.0717458374946802,630.4941336845644,630.4883089789258,0.0058247056385580444,184,630.4883089789258,0.0058247056385580444,735.7175746652629,0.00741728547649,1120.257058513796,33.47024138714563,9.238403877767598e-06,195.45798568256077,0.053085730063098024
analysis-gemma3-1b-n50-lr1e-5-d20000-k0.075,control_computational_hallucination,run_21,0.075,1.5,116011.45647087859,116009.84885212236,1.6076187562420203,630.4970460373836,630.4883089789258,0.008737058457837068,184,630.4883089789258,0.0058247056385580444,735.7175746652629,0.00741728547649,1120.2501541171232,33.47013824466704,9.238403877767598e-06,195.4573416344839,0.05308532126363447
analysis-gemma3-1b-n50-lr1e-5-d20000-k0.075,control_computational_hallucination,run_21,0.075,2.0,116011.99234379735,116009.84885212236,2.1434916749893604,630.499958390203,630.4883089789258,0.011649411277116089,184,630.4883089789258,0.0058247056385580444,735.7175746652629,0.00741728547649,1120.2432498070339,33.47003510316405,9.238403877767598e-06,195.45669758640713,0.053084912469494816
analysis-gemma3-1b-n50-lr1e-5-d20000-k0.075,control_computational_hallucination,run_22,0.075,0.0,32729.797857974783,32729.797857974783,0.0,629.4191895764382,629.4191895764382,0.0,52,629.4191895764382,0.005797614902630138,730.6159565204283,0.00741728547649,1099.9282117163955,33.16516563680024,9.211055205564338e-06,175.09466991161855,0.05269169765719795
analysis-gemma3-1b-n50-lr1e-5-d20000-k0.075,control_computational_hallucination,run_22,0.075,0.5,32729.948595962254,32729.797857974783,0.15073798746838357,629.4220883838896,629.4191895764382,0.002898807451315069,52,629.4191895764382,0.005797614902630138,730.6159565204283,0.00741728547649,1099.9195927004419,33.16503569575106,9.211055205564338e-06,175.09458704077736,0.052691248540237816
analysis-gemma3-1b-n50-lr1e-5-d20000-k0.075,control_computational_hallucination,run_22,0.075,1.0,32730.099333949718,32729.797857974783,0.30147597493676714,629.4249871913407,629.4191895764382,0.005797614902630138,52,629.4191895764382,0.005797614902630138,730.6159565204283,0.00741728547649,1099.9109738127574,33.16490575612657,9.211055205564338e-06,175.09450416993616,0.05269079942967799
analysis-gemma3-1b-n50-lr1e-5-d20000-k0.075,control_computational_hallucination,run_22,0.075,1.5,32730.250071937193,32729.797857974783,0.4522139624051507,629.4278859987921,629.4191895764382,0.008696422353945205,52,629.4191895764382,0.005797614902630138,730.6159565204283,0.00741728547649,1099.9023550533411,33.16477581792678,9.211055205564338e-06,175.09442129909507,0.052690350325518345
analysis-gemma3-1b-n50-lr1e-5-d20000-k0.075,control_computational_hallucination,run_22,0.075,2.0,32730.400809924664,32729.797857974783,0.6029519498735343,629.4307848062435,629.4191895764382,0.011595229805260275,52,629.4191895764382,0.005797614902630138,730.6159565204283,0.00741728547649,1099.8937364221927,33.164645881151706,9.211055205564338e-06,175.09433842825388,0.05268990122775885
analysis-gemma3-1b-n50-lr1e-5-d20000-k0.075,control_computational_hallucination,run_23,0.075,0.0,707100.6093043997,707100.6093043997,0.0,740.4194861826174,740.4194861826174,0.0,955,740.4194861826174,0.005351123940556091,810.5560550426774,0.00741728547649,2622.1020326841476,51.20646475479583,7.2271516895711285e-06,193.7198147048491,0.06915872111740484
analysis-gemma3-1b-n50-lr1e-5-d20000-k0.075,control_computational_hallucination,run_23,0.075,0.5,707103.1644660812,707100.6093043997,2.5551616816155334,740.4221617445876,740.4194861826174,0.0026755619702780453,955,740.4194861826174,0.005351123940556091,810.5560550426774,0.00741728547649,2622.0845094230544,51.20629365051775,7.2271516895711285e-06,193.71854999876393,0.0691582401178608
analysis-gemma3-1b-n50-lr1e-5-d20000-k0.075,control_computational_hallucination,run_23,0.075,1.0,707105.7196277628,707100.6093043997,5.110323363231067,740.424837306558,740.4194861826174,0.005351123940556091,955,740.4194861826174,0.005351123940556091,810.5560550426774,0.00741728547649,2622.0669862236314,51.2061225462701,7.2271516895711285e-06,193.71728529267875,0.06915775912183406
analysis-gemma3-1b-n50-lr1e-5-d20000-k0.075,control_computational_hallucination,run_23,0.075,1.5,707108.2747894445,707100.6093043997,7.6654850448466,740.4275128685283,740.4194861826174,0.008026685910834136,955,740.4194861826174,0.005351123940556091,810.5560550426774,0.00741728547649,2622.0494630858793,51.2059514420529,7.2271516895711285e-06,193.71602058659357,0.06915727812932462
analysis-gemma3-1b-n50-lr1e-5-d20000-k0.075,control_computational_hallucination,run_23,0.075,2.0,707110.8299511261,707100.6093043997,10.220646726462133,740.4301884304986,740.4194861826174,0.010702247881112181,955,740.4194861826174,0.005351123940556091,810.5560550426774,0.00741728547649,2622.0319400097974,51.20578033786613,7.2271516895711285e-06,193.7147558805084,0.06915679714033246
analysis-gemma3-1b-n50-lr1e-5-d20000-k0.075,control_computational_hallucination,run_24,0.075,0.0,207677.97341796005,207677.97341796005,0.0,648.9936669311252,648.9936669311252,0.0,320,648.9936669311252,0.005662717855633589,716.6678456083076,0.00741728547649,543.7673899224268,23.31882050881705,8.725382302127378e-06,132.48554337189591,0.035930736611166
analysis-gemma3-1b-n50-lr1e-5-d20000-k0.075,control_computational_hallucination,run_24,0.075,0.5,207678.87945281694,207677.97341796005,0.9060348569013743,648.996498290053,648.9936669311252,0.0028313589278167947,320,648.9936669311252,0.005662717855633589,716.6678456083076,0.00741728547649,543.7622699354963,23.318710726270787,8.725382302127378e-06,132.48496284524822,0.03593041069976477
analysis-gemma3-1b-n50-lr1e-5-d20000-k0.075,control_computational_hallucination,run_24,0.075,1.0,207679.78548767383,207677.97341796005,1.8120697138027486,648.9993296489807,648.9936669311252,0.005662717855633589,320,648.9936669311252,0.005662717855633589,716.6678456083076,0.00741728547649,543.7571499981195,23.31860094427021,8.725382302127378e-06,132.48438231860052,0.03593008479204803
analysis-gemma3-1b-n50-lr1e-5-d20000-k0.075,control_computational_hallucination,run_24,0.075,1.5,207680.69152253075,207677.97341796005,2.718104570704123,649.0021610079086,648.9936669311252,0.008494076783450384,320,648.9936669311252,0.005662717855633589,716.6678456083076,0.00741728547649,543.7520301102968,23.318491162815334,8.725382302127378e-06,132.48380179195283,0.03592975888801575
analysis-gemma3-1b-n50-lr1e-5-d20000-k0.075,control_computational_hallucination,run_24,0.075,2.0,207681.59755738763,207677.97341796005,3.6241394276054972,649.0049923668364,648.9936669311252,0.011325435711267179,320,648.9936669311252,0.005662717855633589,716.6678456083076,0.00741728547649,543.7469102720281,23.318381381906168,8.725382302127378e-06,132.48322126530502,0.0359294329876679
analysis-gemma3-1b-n50-lr1e-5-d20000-k0.075,control_computational_hallucination,run_25,0.075,0.0,669173.7967266771,669173.7967266771,0.0,736.9755470558118,736.9755470558118,0.0,908,736.9755470558118,0.005375268109691539,808.4411180215209,0.00741728547649,2548.246077563458,50.480155284660704,7.293685836884986e-06,207.41274828295843,0.06849637750713294
analysis-gemma3-1b-n50-lr1e-5-d20000-k0.075,control_computational_hallucination,run_25,0.075,0.5,669176.237098399,669173.7967266771,2.4403717217999588,736.9782346898667,736.9755470558118,0.0026876340548457694,908,736.9755470558118,0.005375268109691539,808.4411180215209,0.00741728547649,2548.2294699628437,50.47999078806219,7.293685836884986e-06,207.41233268251392,0.06849590450836726
analysis-gemma3-1b-n50-lr1e-5-d20000-k0.075,control_computational_hallucination,run_25,0.075,1.0,669178.6774701207,669173.7967266771,4.8807434435999175,736.9809223239215,736.9755470558118,0.005375268109691539,908,736.9755470558118,0.005375268109691539,808.4411180215209,0.00741728547649,2548.212862420781,50.47982629150759,7.293685836884986e-06,207.4119170820693,0.06849543151311106
analysis-gemma3-1b-n50-lr1e-5-d20000-k0.075,control_computational_hallucination,run_25,0.075,1.5,669181.1178418425,669173.7967266771,7.321115165399876,736.9836099579763,736.9755470558118,0.008062902164537308,908,736.9755470558118,0.005375268109691539,808.4411180215209,0.00741728547649,2548.1962549372697,50.4796617949969,7.293685836884986e-06,207.41150148162478,0.06849495852136428
analysis-gemma3-1b-n50-lr1e-5-d20000-k0.075,control_computational_hallucination,run_25,0.075,2.0,669183.5582135643,669173.7967266771,9.761486887199835,736.9862975920312,736.9755470558118,0.010750536219383077,908,736.9755470558118,0.005375268109691539,808.4411180215209,0.00741728547649,2548.17964751231,50.47949729853013,7.293685836884986e-06,207.41108588118027,0.06849448553312688
analysis-gemma3-1b-n50-lr1e-5-d20000-k0.075,control_computational_hallucination,run_26,0.075,0.0,696640.9871216768,696640.9871216768,0.0,741.8966849006142,741.8966849006142,0.0,939,741.8966849006142,0.0053395516967823815,810.5528026906848,0.00741728547649,2492.530308644842,49.92524720664728,7.1971634399440355e-06,193.7165623528565,0.06729406967674394
analysis-gemma3-1b-n50-lr1e-5-d20000-k0.075,control_computational_hallucination,run_26,0.075,0.5,696643.4940411984,696640.9871216768,2.506919521639328,741.8993546764626,741.8966849006142,0.0026697758483911907,939,741.8966849006142,0.0053395516967823815,810.5528026906848,0.00741728547649,2492.514047643161,49.92508435288979,7.1971634399440355e-06,193.7152976880543,0.06729360800517449
analysis-gemma3-1b-n50-lr1e-5-d20000-k0.075,control_computational_hallucination,run_26,0.075,1.0,696646.00096072,696640.9871216768,5.013839043278656,741.902024452311,741.8966849006142,0.0053395516967823815,939,741.8966849006142,0.0053395516967823815,810.5528026906848,0.00741728547649,2492.497786698495,49.924921499172086,7.1971634399440355e-06,193.71403302325223,0.06729314633698136
analysis-gemma3-1b-n50-lr1e-5-d20000-k0.075,control_computational_hallucination,run_26,0.075,1.5,696648.5078802416,696640.9871216768,7.520758564917984,741.9046942281593,741.8966849006142,0.008009327545173571,939,741.8966849006142,0.0053395516967823815,810.5528026906848,0.00741728547649,2492.481525810843,49.92475864549415,7.1971634399440355e-06,193.71276835844992,0.06729268467216451
analysis-gemma3-1b-n50-lr1e-5-d20000-k0.075,control_computational_hallucination,run_26,0.075,2.0,696651.0147997633,696640.9871216768,10.027678086557312,741.9073640040078,741.8966849006142,0.010679103393564763,939,741.8966849006142,0.0053395516967823815,810.5528026906848,0.00741728547649,2492.465264980205,49.92459579185599,7.1971634399440355e-06,193.71150369364773,0.06729222301072388
analysis-gemma3-1b-n50-lr1e-5-d20000-k0.075,control_computational_hallucination,run_27,0.075,0.0,339300.6545787195,339300.6545787195,0.0,651.2488571568513,651.2488571568513,0.0,521,651.2488571568513,0.005766592227380419,735.9595560646939,0.00741728547649,637.0961130865825,25.24076292600092,8.85466771113512e-06,191.790930632126,0.03875747749668873
analysis-gemma3-1b-n50-lr1e-5-d20000-k0.075,control_computational_hallucination,run_27,0.075,0.5,339302.15677599475,339300.6545787195,1.5021972752325992,651.251740452965,651.2488571568513,0.0028832961136902096,521,651.2488571568513,0.005766592227380419,735.9595560646939,0.00741728547649,637.0932915131245,25.240707032750183,8.85466771113512e-06,191.79020289422817,0.038757220080816245
analysis-gemma3-1b-n50-lr1e-5-d20000-k0.075,control_computational_hallucination,run_27,0.075,1.0,339303.65897327,339300.6545787195,3.0043945504651983,651.2546237490786,651.2488571568513,0.005766592227380419,521,651.2488571568513,0.005766592227380419,735.9595560646939,0.00741728547649,637.0904699821626,25.240651140217494,8.85466771113512e-06,191.78947515633058,0.03875696266832563
analysis-gemma3-1b-n50-lr1e-5-d20000-k0.075,control_computational_hallucination,run_27,0.075,1.5,339305.1611705452,339300.6545787195,4.5065918256977975,651.2575070451924,651.2488571568513,0.008649888341070628,521,651.2488571568513,0.005766592227380419,735.9595560646939,0.00741728547649,637.0876484936977,25.240595248402872,8.85466771113512e-06,191.78874741843276,0.038756705259216866
analysis-gemma3-1b-n50-lr1e-5-d20000-k0.075,control_computational_hallucination,run_27,0.075,2.0,339306.66336782044,339300.6545787195,6.008789100930397,651.260390341306,651.2488571568513,0.011533184454760839,521,651.2488571568513,0.005766592227380419,735.9595560646939,0.00741728547649,637.0848270477285,25.240539357306304,8.85466771113512e-06,191.78801968053506,0.0387564478534899
analysis-gemma3-1b-n50-lr1e-5-d20000-k0.075,control_computational_hallucination,run_28,0.075,0.0,80282.15248413334,80282.15248413334,0.0,632.1429329459319,632.1429329459319,0.0,127,632.1429329459319,0.005903802895150621,747.093165102239,0.00741728547649,2338.1188602757566,48.35409869158722,9.339348092744687e-06,229.64674452928034,0.07649235033957584
analysis-gemma3-1b-n50-lr1e-5-d20000-k0.075,control_computational_hallucination,run_28,0.075,0.5,80282.52737561721,80282.15248413334,0.37489148384206444,632.1458848473796,632.1429329459319,0.0029519014475753104,127,632.1429329459319,0.005903802895150621,747.093165102239,0.00741728547649,2338.1036496586703,48.35394140769365,9.339348092744687e-06,229.64583231146685,0.07649174433741326
analysis-gemma3-1b-n50-lr1e-5-d20000-k0.075,control_computational_hallucination,run_28,0.075,1.0,80282.90226710102,80282.15248413334,0.7497829676841289,632.1488367488269,632.1429329459319,0.005903802895150621,127,632.1429329459319,0.005903802895150621,747.093165102239,0.00741728547649,2338.0884391613786,48.3537841245272,9.339348092744687e-06,229.64492009365335,0.0764911383420606
analysis-gemma3-1b-n50-lr1e-5-d20000-k0.075,control_computational_hallucination,run_28,0.075,1.5,80283.27715858488,80282.15248413334,1.1246744515261933,632.1517886502746,632.1429329459319,0.008855704342725932,127,632.1429329459319,0.005903802895150621,747.093165102239,0.00741728547649,2338.073228783883,48.3536268420879,9.339348092744687e-06,229.64400787583986,0.07649053235351767
analysis-gemma3-1b-n50-lr1e-5-d20000-k0.075,control_computational_hallucination,run_28,0.075,2.0,80283.65205006872,80282.15248413334,1.4995659353682578,632.1547405517222,632.1429329459319,0.011807605790301242,127,632.1429329459319,0.005903802895150621,747.093165102239,0.00741728547649,2338.0580185261806,48.353469560375714,9.339348092744687e-06,229.64309565802637,0.07648992637178442
analysis-gemma3-1b-n50-lr1e-5-d20000-k0.075,control_computational_hallucination,run_29,0.075,0.0,25576.937830620103,25576.937830620103,0.0,655.8189187338488,655.8189187338488,0.0,39,655.8189187338488,0.005753630218672849,764.830187239074,0.00741728547649,1940.577128938131,44.051982122693765,8.773199513336769e-06,226.90343173373446,0.06717095354269796
analysis-gemma3-1b-n50-lr1e-5-d20000-k0.075,control_computational_hallucination,run_29,0.075,0.5,25577.050026409357,25576.937830620103,0.11219578926412055,655.8217955489579,655.8189187338488,0.0028768151093364245,39,655.8189187338488,0.005753630218672849,764.830187239074,0.00741728547649,1940.569401836553,44.05189441824895,8.773199513336769e-06,226.9027100265015,0.06717052515977326
analysis-gemma3-1b-n50-lr1e-5-d20000-k0.075,control_computational_hallucination,run_29,0.075,1.0,25577.162222198625,25576.937830620103,0.2243915785282411,655.8246723640673,655.8189187338488,0.005753630218672849,39,655.8189187338488,0.005753630218672849,764.830187239074,0.00741728547649,1940.561674849196,44.05180671492596,8.773199513336769e-06,226.90198831926864,0.06717009678231733
analysis-gemma3-1b-n50-lr1e-5-d20000-k0.075,control_computational_hallucination,run_29,0.075,1.5,25577.274417987886,25576.937830620103,0.33658736779236165,655.8275491791766,655.8189187338488,0.008630445328009273,39,655.8189187338488,0.005753630218672849,764.830187239074,0.00741728547649,1940.5539479760644,44.05171901272485,8.773199513336769e-06,226.90126661203567,0.06716966841033026
analysis-gemma3-1b-n50-lr1e-5-d20000-k0.075,control_computational_hallucination,run_29,0.075,2.0,25577.386613777155,25576.937830620103,0.4487831570564822,655.830425994286,655.8189187338488,0.011507260437345698,39,655.8189187338488,0.005753630218672849,764.830187239074,0.00741728547649,1940.546221217154,44.051631311645586,8.773199513336769e-06,226.9005449048027,0.06716924004381186
analysis-gemma3-1b-n50-lr1e-5-d20000-k0.075,control_computational_hallucination,run_3,0.075,0.0,580557.517530056,580557.517530056,0.0,732.1027963809029,732.1027963809029,0.0,793,732.1027963809029,0.005422552035370315,806.7716348949291,0.00741728547649,2360.9846293736987,48.58996428660654,7.4068178159901975e-06,189.93539455710084,0.06637041208803941
analysis-gemma3-1b-n50-lr1e-5-d20000-k0.075,control_computational_hallucination,run_3,0.075,0.5,580559.6675719379,580557.517530056,2.15004188202433,732.1055076569204,732.1027963809029,0.0027112760176851575,793,732.1027963809029,0.005422552035370315,806.7716348949291,0.00741728547649,2360.9692312621587,48.58980583684358,7.4068178159901975e-06,189.9341959292699,0.06636994986194497
analysis-gemma3-1b-n50-lr1e-5-d20000-k0.075,control_computational_hallucination,run_3,0.075,1.0,580561.8176138201,580557.517530056,4.30008376404866,732.1082189329383,732.1027963809029,0.005422552035370315,793,732.1027963809029,0.005422552035370315,806.7716348949291,0.00741728547649,2360.9538332047246,48.58964738712069,7.4068178159901975e-06,189.93299730143906,0.06636948763932883
analysis-gemma3-1b-n50-lr1e-5-d20000-k0.075,control_computational_hallucination,run_3,0.075,1.5,580563.967655702,580557.517530056,6.45012564607299,732.1109302089559,732.1027963809029,0.008133828053055472,793,732.1027963809029,0.005422552035370315,806.7716348949291,0.00741728547649,2360.9384352013976,48.58948893743788,7.4068178159901975e-06,189.9317986736081,0.066369025420191
analysis-gemma3-1b-n50-lr1e-5-d20000-k0.075,control_computational_hallucination,run_3,0.075,2.0,580566.117697584,580557.517530056,8.60016752809732,732.1136414849735,732.1027963809029,0.01084510407074063,793,732.1027963809029,0.005422552035370315,806.7716348949291,0.00741728547649,2360.9230372521765,48.589330487795124,7.4068178159901975e-06,189.93060004577706,0.06636856320453142
analysis-gemma3-1b-n50-lr1e-5-d20000-k0.075,control_computational_hallucination,run_30,0.075,0.0,644026.3149386578,644026.3149386578,0.0,688.0623022848908,688.0623022848908,0.0,936,688.0623022848908,0.005650269898439454,807.8141485403542,0.00741728547649,2396.063054686405,48.949597084004736,8.211857966460677e-06,253.52434126436378,0.07114122794034028
analysis-gemma3-1b-n50-lr1e-5-d20000-k0.075,control_computational_hallucination,run_30,0.075,0.5,644028.9592649703,644026.3149386578,2.6443263124696648,688.06512741984,688.0623022848908,0.002825134949219727,936,688.0623022848908,0.005650269898439454,807.8141485403542,0.00741728547649,2396.048907843165,48.9494525796067,8.211857966460677e-06,253.5233878810635,0.07114072582512815
analysis-gemma3-1b-n50-lr1e-5-d20000-k0.075,control_computational_hallucination,run_30,0.075,1.0,644031.6035912826,644026.3149386578,5.2886526249393295,688.0679525547891,688.0623022848908,0.005650269898439454,936,688.0623022848908,0.005650269898439454,807.8141485403542,0.00741728547649,2396.034761062148,48.949308075417655,8.211857966460677e-06,253.52243449776313,0.07114022371434302
analysis-gemma3-1b-n50-lr1e-5-d20000-k0.075,control_computational_hallucination,run_30,0.075,1.5,644034.2479175952,644026.3149386578,7.932978937408994,688.0707776897385,688.0623022848908,0.008475404847659181,936,688.0623022848908,0.005650269898439454,807.8141485403542,0.00741728547649,2396.020614343352,48.94916357143758,8.211857966460677e-06,253.52148111446286,0.07113972160798478
analysis-gemma3-1b-n50-lr1e-5-d20000-k0.075,control_computational_hallucination,run_30,0.075,2.0,644036.8922439077,644026.3149386578,10.577305249878659,688.0736028246877,688.0623022848908,0.011300539796878908,936,688.0623022848908,0.005650269898439454,807.8141485403542,0.00741728547649,2396.006467686778,48.94901906766649,8.211857966460677e-06,253.52052773116247,0.07113921950605344
analysis-gemma3-1b-n50-lr1e-5-d20000-k0.075,control_computational_hallucination,run_31,0.075,0.0,65327.631438067474,65327.631438067474,0.0,640.4669748830145,640.4669748830145,0.0,102,640.4669748830145,0.005799329019092106,722.7628779422532,0.00741728547649,1508.6119193527163,38.8408537412956,9.054844740669714e-06,198.91956748445114,0.060644584755350006
analysis-gemma3-1b-n50-lr1e-5-d20000-k0.075,control_computational_hallucination,run_31,0.075,0.5,65327.92720384744,65327.631438067474,0.2957657799736974,640.4698745475239,640.4669748830145,0.002899664509546053,102,640.4669748830145,0.005799329019092106,722.7628779422532,0.00741728547649,1508.6026410050229,38.840734300538436,9.054844740669714e-06,198.9191122539978,0.060644123703676854
analysis-gemma3-1b-n50-lr1e-5-d20000-k0.075,control_computational_hallucination,run_31,0.075,1.0,65328.22296962744,65327.631438067474,0.5915315599473948,640.4727742120336,640.4669748830145,0.005799329019092106,102,640.4669748830145,0.005799329019092106,722.7628779422532,0.00741728547649,1508.5933627634151,38.840614860779624,9.054844740669714e-06,198.91865702354448,0.06064366265773715
analysis-gemma3-1b-n50-lr1e-5-d20000-k0.075,control_computational_hallucination,run_31,0.075,1.5,65328.51873540741,65327.631438067474,0.8872973399210922,640.4756738765432,640.4669748830145,0.008698993528638158,102,640.4669748830145,0.005799329019092106,722.7628779422532,0.00741728547649,1508.584084627895,38.84049542201921,9.054844740669714e-06,198.91820179309116,0.06064320161753095
analysis-gemma3-1b-n50-lr1e-5-d20000-k0.075,control_computational_hallucination,run_31,0.075,2.0,65328.81450118737,65327.631438067474,1.1830631198947896,640.4785735410527,640.4669748830145,0.011598658038184212,102,640.4669748830145,0.005799329019092106,722.7628779422532,0.00741728547649,1508.574806598461,38.84037598425717,9.054844740669714e-06,198.91774656263772,0.06064274058305812
analysis-gemma3-1b-n50-lr1e-5-d20000-k0.075,control_computational_hallucination,run_32,0.075,0.0,113798.9155704757,113798.9155704757,0.0,621.8519976528727,621.8519976528727,0.0,183,621.8519976528727,0.005885561009255311,701.9108586909636,0.00741728547649,664.4564297086299,25.777052385962012,9.46456879043544e-06,177.15455200355518,0.041452069758166406
analysis-gemma3-1b-n50-lr1e-5-d20000-k0.075,control_computational_hallucination,run_32,0.075,0.5,113799.45409930806,113798.9155704757,0.538528832346861,621.8549404333774,621.8519976528727,0.0029427805046276555,183,621.8519976528727,0.005885561009255311,701.9108586909636,0.00741728547649,664.4514677141651,25.776956137491585,9.46456879043544e-06,177.1537856950605,0.04145171881970954
analysis-gemma3-1b-n50-lr1e-5-d20000-k0.075,control_computational_hallucination,run_32,0.075,1.0,113799.9926281404,113798.9155704757,1.077057664693722,621.857883213882,621.8519976528727,0.005885561009255311,183,621.8519976528727,0.005885561009255311,701.9108586909636,0.00741728547649,664.4465057945685,25.77685989011401,9.46456879043544e-06,177.1530193865658,0.041451367886331525
analysis-gemma3-1b-n50-lr1e-5-d20000-k0.075,control_computational_hallucination,run_32,0.075,1.5,113800.53115697273,113798.9155704757,1.6155864970405829,621.8608259943866,621.8519976528727,0.008828341513882967,183,621.8519976528727,0.005885561009255311,701.9108586909636,0.00741728547649,664.4415439498406,25.776763643829312,9.46456879043544e-06,177.1522530780711,0.041451016958032334
analysis-gemma3-1b-n50-lr1e-5-d20000-k0.075,control_computational_hallucination,run_32,0.075,2.0,113801.0696858051,113798.9155704757,2.154115329387444,621.8637687748912,621.8519976528727,0.011771122018510622,183,621.8519976528727,0.005885561009255311,701.9108586909636,0.00741728547649,664.4365821799805,25.776667398637485,9.46456879043544e-06,177.15148676957642,0.041450666034811866
analysis-gemma3-1b-n50-lr1e-5-d20000-k0.075,control_computational_hallucination,run_33,0.075,0.0,40964.56022750314,40964.56022750314,0.0,640.0712535547366,640.0712535547366,0.0,64,640.0712535547366,0.005696346526761472,761.29722167832,0.00741728547649,1801.4569325509874,42.44357351297116,8.899550628349444e-06,224.5531657421916,0.06631070099969978
analysis-gemma3-1b-n50-lr1e-5-d20000-k0.075,control_computational_hallucination,run_33,0.075,0.5,40964.742510592,40964.56022750314,0.1822830888563671,640.074101728,640.0712535547366,0.002848173263380736,64,640.0712535547366,0.005696346526761472,761.29722167832,0.00741728547649,1801.4390541501393,42.44336289869288,8.899550628349444e-06,224.55204688785227,0.0663100768865809
analysis-gemma3-1b-n50-lr1e-5-d20000-k0.075,control_computational_hallucination,run_33,0.075,1.0,40964.92479368085,40964.56022750314,0.3645661777127342,640.0769499012633,640.0712535547366,0.005696346526761472,64,640.0712535547366,0.005696346526761472,761.29722167832,0.00741728547649,1801.421175903367,42.44315228518455,8.899550628349444e-06,224.55092803351306,0.0663094527802192
analysis-gemma3-1b-n50-lr1e-5-d20000-k0.075,control_computational_hallucination,run_33,0.075,1.5,40965.10707676972,40964.56022750314,0.5468492665691013,640.0797980745268,640.0712535547366,0.008544519790142207,64,640.0712535547366,0.005696346526761472,761.29722167832,0.00741728547649,1801.4032978106707,42.4429416724462,8.899550628349444e-06,224.54980917917385,0.06630882868061462
analysis-gemma3-1b-n50-lr1e-5-d20000-k0.075,control_computational_hallucination,run_33,0.075,2.0,40965.28935985857,40964.56022750314,0.7291323554254684,640.0826462477902,640.0712535547366,0.011392693053522944,64,640.0712535547366,0.005696346526761472,761.29722167832,0.00741728547649,1801.3854198720492,42.442731060477826,8.899550628349444e-06,224.54869032483452,0.0663082045877671
analysis-gemma3-1b-n50-lr1e-5-d20000-k0.075,control_computational_hallucination,run_34,0.075,0.0,641641.5859336844,641641.5859336844,0.0,732.4675638512379,732.4675638512379,0.0,876,732.4675638512379,0.005403890314358987,812.450487188198,0.00741728547649,2932.211416923953,54.1498976630977,7.377651354205908e-06,261.7423057902753,0.07392804860652559
analysis-gemma3-1b-n50-lr1e-5-d20000-k0.075,control_computational_hallucination,run_34,0.075,0.5,641643.952837642,641641.5859336844,2.3669039576892366,732.470265796395,732.4675638512379,0.0027019451571794937,876,732.4675638512379,0.005403890314358987,812.450487188198,0.00741728547649,2932.192612318474,54.14972402809153,7.377651354205908e-06,261.74125784938485,0.0739275388458479
analysis-gemma3-1b-n50-lr1e-5-d20000-k0.075,control_computational_hallucination,run_34,0.075,1.0,641646.3197415997,641641.5859336844,4.733807915378473,732.4729677415522,732.4675638512379,0.005403890314358987,876,732.4675638512379,0.005403890314358987,812.450487188198,0.00741728547649,2932.173807779183,54.14955039313976,7.377651354205908e-06,261.7402099084944,0.07392702908900528
analysis-gemma3-1b-n50-lr1e-5-d20000-k0.075,control_computational_hallucination,run_34,0.075,1.5,641648.6866455574,641641.5859336844,7.100711873067709,732.4756696867094,732.4675638512379,0.00810583547153848,876,732.4675638512379,0.005403890314358987,812.450487188198,0.00741728547649,2932.1550033060807,54.14937675824239,7.377651354205908e-06,261.739161967604,0.07392651933599771
analysis-gemma3-1b-n50-lr1e-5-d20000-k0.075,control_computational_hallucination,run_34,0.075,2.0,641651.0535495151,641641.5859336844,9.467615830756946,732.4783716318665,732.4675638512379,0.010807780628717975,876,732.4675638512379,0.005403890314358987,812.450487188198,0.00741728547649,2932.1361988991666,54.149203123399396,7.377651354205908e-06,261.7381140267137,0.07392600958682509
analysis-gemma3-1b-n50-lr1e-5-d20000-k0.075,control_computational_hallucination,run_35,0.075,0.0,35501.40945673655,35501.40945673655,0.0,645.4801719406645,645.4801719406645,0.0,55,645.4801719406645,0.005809022340449607,736.5705668661709,0.00741728547649,1171.9234753511787,34.23336786457299,8.99953645823779e-06,198.40114668767035,0.053035506515481126
analysis-gemma3-1b-n50-lr1e-5-d20000-k0.075,control_computational_hallucination,run_35,0.075,0.5,35501.56920485093,35501.40945673655,0.1597481143623642,645.4830764518351,645.4801719406645,0.0029045111702248037,55,645.4801719406645,0.005809022340449607,736.5705668661709,0.00741728547649,1171.9118640326733,34.23319827349869,8.99953645823779e-06,198.4001405817287,0.053035005133946544
analysis-gemma3-1b-n50-lr1e-5-d20000-k0.075,control_computational_hallucination,run_35,0.075,1.0,35501.728952965284,35501.40945673655,0.3194962287247284,645.4859809630052,645.4801719406645,0.005809022340449607,55,645.4801719406645,0.005809022340449607,736.5705668661709,0.00741728547649,1171.9002528169422,34.233028683085315,8.99953645823779e-06,198.39913447578704,0.0530345037579481
analysis-gemma3-1b-n50-lr1e-5-d20000-k0.075,control_computational_hallucination,run_35,0.075,1.5,35501.888701079646,35501.40945673655,0.4792443430870926,645.4888854741754,645.4801719406645,0.00871353351067441,55,645.4801719406645,0.005809022340449607,736.5705668661709,0.00741728547649,1171.8886417039873,34.232859093332934,8.99953645823779e-06,198.39812836984527,0.05303400238748575
analysis-gemma3-1b-n50-lr1e-5-d20000-k0.075,control_computational_hallucination,run_35,0.075,2.0,35502.04844919401,35501.40945673655,0.6389924574494568,645.4917899853456,645.4801719406645,0.011618044680899215,55,645.4801719406645,0.005809022340449607,736.5705668661709,0.00741728547649,1171.8770306938068,34.232689504241506,8.99953645823779e-06,198.3971222639036,0.053033501022559375
analysis-gemma3-1b-n50-lr1e-5-d20000-k0.075,control_computational_hallucination,run_36,0.075,0.0,676120.1200458675,676120.1200458675,0.0,715.4710265035635,715.4710265035635,0.0,945,715.4710265035635,0.0054218074942135085,806.1627323642642,0.00741728547649,3615.467597378446,60.12875848858386,7.577955351608503e-06,268.20092620194566,0.0840408014597421
analysis-gemma3-1b-n50-lr1e-5-d20000-k0.075,control_computational_hallucination,run_36,0.075,0.5,676122.6818499085,676120.1200458675,2.5618040410158827,715.4737374073106,715.4710265035635,0.0027109037471067543,945,715.4710265035635,0.0054218074942135085,806.1627323642642,0.00741728547649,3615.44564005596,60.12857590244393,7.577955351608503e-06,268.19995207248905,0.08404022783608261
analysis-gemma3-1b-n50-lr1e-5-d20000-k0.075,control_computational_hallucination,run_36,0.075,1.0,676125.2436539496,676120.1200458675,5.123608082031765,715.4764483110578,715.4710265035635,0.0054218074942135085,945,715.4710265035635,0.0054218074942135085,806.1627323642642,0.00741728547649,3615.4236828248463,60.12839331650935,7.577955351608503e-06,268.19897794303245,0.084039654217057
analysis-gemma3-1b-n50-lr1e-5-d20000-k0.075,control_computational_hallucination,run_36,0.075,1.5,676127.8054579906,676120.1200458675,7.685412123047648,715.4791592148049,715.4710265035635,0.008132711241320263,945,715.4710265035635,0.0054218074942135085,806.1627323642642,0.00741728547649,3615.4017256851034,60.12821073078013,7.577955351608503e-06,268.19800381357584,0.08403908060266523
analysis-gemma3-1b-n50-lr1e-5-d20000-k0.075,control_computational_hallucination,run_36,0.075,2.0,676130.3672620317,676120.1200458675,10.24721616406353,715.481870118552,715.4710265035635,0.010843614988427017,945,715.4710265035635,0.0054218074942135085,806.1627323642642,0.00741728547649,3615.3797686367316,60.12802814525628,7.577955351608503e-06,268.19702968411934,0.08403850699290724
analysis-gemma3-1b-n50-lr1e-5-d20000-k0.075,control_computational_hallucination,run_37,0.075,0.0,23565.62821000397,23565.62821000397,0.0,636.9088705406479,636.9088705406479,0.0,37,636.9088705406479,0.005908652839492362,689.4960081984129,0.00741728547649,920.6335431657778,30.341943628676425,9.277077322657997e-06,135.75040205579728,0.047639379873796225
analysis-gemma3-1b-n50-lr1e-5-d20000-k0.075,control_computational_hallucination,run_37,0.075,0.5,23565.737520081504,23565.62821000397,0.1093100775306087,636.9118248670677,636.9088705406479,0.002954326419746181,37,636.9088705406479,0.005908652839492362,689.4960081984129,0.00741728547649,920.6240705554428,30.34178753065552,9.277077322657997e-06,135.74975438947774,0.04763891381195234
analysis-gemma3-1b-n50-lr1e-5-d20000-k0.075,control_computational_hallucination,run_37,0.075,1.0,23565.846830159036,23565.62821000397,0.2186201550612174,636.9147791934874,636.9088705406479,0.005908652839492362,37,636.9088705406479,0.005908652839492362,689.4960081984129,0.00741728547649,920.61459803781,30.341631433359183,9.277077322657997e-06,135.7491067231581,0.04763844775556973
analysis-gemma3-1b-n50-lr1e-5-d20000-k0.075,control_computational_hallucination,run_37,0.075,1.5,23565.95614023656,23565.62821000397,0.3279302325918261,636.9177335199071,636.9088705406479,0.008862979259238542,37,636.9088705406479,0.005908652839492362,689.4960081984129,0.00741728547649,920.6051256128821,30.341475336787468,9.277077322657997e-06,135.74845905683867,0.04763798170464842
analysis-gemma3-1b-n50-lr1e-5-d20000-k0.075,control_computational_hallucination,run_37,0.075,2.0,23566.06545031409,23565.62821000397,0.4372403101224348,636.9206878463268,636.9088705406479,0.011817305678984725,37,636.9088705406479,0.005908652839492362,689.4960081984129,0.00741728547649,920.595653280657,30.341319240940347,9.277077322657997e-06,135.74781139051913,0.04763751565918825
analysis-gemma3-1b-n50-lr1e-5-d20000-k0.075,control_computational_hallucination,run_38,0.075,0.0,693893.0244884479,693893.0244884479,0.0,677.6299067269999,677.6299067269999,0.0,1024,677.6299067269999,0.005659321195368177,775.7411923438292,0.00741728547649,1825.9114778632568,42.73068543638467,8.351640237815204e-06,257.49733304036045,0.0630590312089041
analysis-gemma3-1b-n50-lr1e-5-d20000-k0.075,control_computational_hallucination,run_38,0.075,0.5,693895.9220608999,693893.0244884479,2.8975724520285064,677.6327363875976,677.6299067269999,0.0028296605976840883,1024,677.6299067269999,0.005659321195368177,775.7411923438292,0.00741728547649,1825.9040372725317,42.730598372507394,8.351640237815204e-06,257.4960232262107,0.06305863940443694
analysis-gemma3-1b-n50-lr1e-5-d20000-k0.075,control_computational_hallucination,run_38,0.075,1.0,693898.819633352,693893.0244884479,5.795144904057013,677.6355660481953,677.6299067269999,0.005659321195368177,1024,677.6299067269999,0.005659321195368177,775.7411923438292,0.00741728547649,1825.8965967202043,42.73051130890203,8.351640237815204e-06,257.49471341206106,0.06305824760364323
analysis-gemma3-1b-n50-lr1e-5-d20000-k0.075,control_computational_hallucination,run_38,0.075,1.5,693901.7172058041,693893.0244884479,8.69271735608552,677.638395708793,677.6299067269999,0.008488981793052266,1024,677.6299067269999,0.005659321195368177,775.7411923438292,0.00741728547649,1825.8891562062763,42.73042424556859,8.351640237815204e-06,257.4934035979114,0.06305785580652293
analysis-gemma3-1b-n50-lr1e-5-d20000-k0.075,control_computational_hallucination,run_38,0.075,2.0,693904.614778256,693893.0244884479,11.590289808114026,677.6412253693907,677.6299067269999,0.011318642390736353,1024,677.6299067269999,0.005659321195368177,775.7411923438292,0.00741728547649,1825.8817157307467,42.73033718250708,8.351640237815204e-06,257.4920937837618,0.063057464013076
analysis-gemma3-1b-n50-lr1e-5-d20000-k0.075,control_computational_hallucination,run_39,0.075,0.0,748727.209164825,748727.209164825,0.0,731.1789152000244,731.1789152000244,0.0,1024,731.1789152000244,0.0053920803596834,811.8359359302053,0.00741728547649,2435.2756987958596,49.34851263002624,7.37450198247076e-06,217.05286779851212,0.06749170634457675
analysis-gemma3-1b-n50-lr1e-5-d20000-k0.075,control_computational_hallucination,run_39,0.075,0.5,748729.9699099693,748727.209164825,2.7607451441579007,731.1816112402043,731.1789152000244,0.0026960401798417,1024,731.1789152000244,0.0053920803596834,811.8359359302053,0.00741728547649,2435.260937734652,49.348363070467215,7.37450198247076e-06,217.0520776233077,0.06749125294161086
analysis-gemma3-1b-n50-lr1e-5-d20000-k0.075,control_computational_hallucination,run_39,0.075,1.0,748732.7306551135,748727.209164825,5.5214902883158015,731.1843072803842,731.1789152000244,0.0053920803596834,1024,731.1789152000244,0.0053920803596834,811.8359359302053,0.00741728547649,2435.2461767246414,49.34821351097364,7.37450198247076e-06,217.05128744810327,0.0674907995420781
analysis-gemma3-1b-n50-lr1e-5-d20000-k0.075,control_computational_hallucination,run_39,0.075,1.5,748735.4914002576,748727.209164825,8.282235432473701,731.187003320564,731.1789152000244,0.008088120539525099,1024,731.1789152000244,0.0053920803596834,811.8359359302053,0.00741728547649,2435.2314157658266,49.34806395154552,7.37450198247076e-06,217.05049727289884,0.06749034614597839
analysis-gemma3-1b-n50-lr1e-5-d20000-k0.075,control_computational_hallucination,run_39,0.075,2.0,748738.2521454018,748727.209164825,11.042980576631603,731.1896993607439,731.1789152000244,0.0107841607193668,1024,731.1789152000244,0.0053920803596834,811.8359359302053,0.00741728547649,2435.216654858208,49.34791439218286,7.37450198247076e-06,217.04970709769452,0.06748989275331174
analysis-gemma3-1b-n50-lr1e-5-d20000-k0.075,control_computational_hallucination,run_4,0.075,0.0,81856.93619567633,81856.93619567633,0.0,629.668739966741,629.668739966741,0.0,130,629.668739966741,0.00586766200163585,747.1135248114274,0.00741728547649,960.6260985172629,30.99396874421317,9.318649043854041e-06,213.6160296380383,0.049222657529179974
analysis-gemma3-1b-n50-lr1e-5-d20000-k0.075,control_computational_hallucination,run_4,0.075,0.5,81857.31759370642,81856.93619567633,0.3813980301063303,629.6716737977417,629.668739966741,0.002933831000817925,130,629.668739966741,0.00586766200163585,747.1135248114274,0.00741728547649,960.6191390378224,30.993856472498262,9.318649043854041e-06,213.6154545776567,0.049222249883919454
analysis-gemma3-1b-n50-lr1e-5-d20000-k0.075,control_computational_hallucination,run_4,0.075,1.0,81857.69899173654,81856.93619567633,0.7627960602126606,629.6746076287426,629.668739966741,0.00586766200163585,130,629.668739966741,0.00586766200163585,747.1135248114274,0.00741728547649,960.6121796307577,30.99374420154425,9.318649043854041e-06,213.6148795172753,0.04922184224366599
analysis-gemma3-1b-n50-lr1e-5-d20000-k0.075,control_computational_hallucination,run_4,0.075,1.5,81858.08038976665,81856.93619567633,1.1441940903189909,629.6775414597435,629.668739966741,0.008801493002453776,130,629.668739966741,0.00586766200163585,747.1135248114274,0.00741728547649,960.6052202960667,30.993631931351104,9.318649043854041e-06,213.6143044568937,0.04922143460841947
analysis-gemma3-1b-n50-lr1e-5-d20000-k0.075,control_computational_hallucination,run_4,0.075,2.0,81858.46178779675,81856.93619567633,1.525592120425321,629.6804752907443,629.668739966741,0.0117353240032717,130,629.668739966741,0.00586766200163585,747.1135248114274,0.00741728547649,960.5982610337511,30.993519661918864,9.318649043854041e-06,213.6137293965121,0.04922102697817989
analysis-gemma3-1b-n50-lr1e-5-d20000-k0.075,control_computational_hallucination,run_40,0.075,0.0,148327.7563935332,148327.7563935332,0.0,612.9246131964181,612.9246131964181,0.0,242,612.9246131964181,0.006100621113710524,746.3178131452411,0.00741728547649,1731.9234365172124,41.61638423166064,9.95329765253776e-06,230.94308592461414,0.06789804706100819
analysis-gemma3-1b-n50-lr1e-5-d20000-k0.075,control_computational_hallucination,run_40,0.075,0.5,148328.49456868795,148327.7563935332,0.7381751547589734,612.927663506975,612.9246131964181,0.003050310556855262,242,612.9246131964181,0.006100621113710524,746.3178131452411,0.00741728547649,1731.9148878092085,41.616281523091516,9.95329765253776e-06,230.942481313769,0.06789754158749588
analysis-gemma3-1b-n50-lr1e-5-d20000-k0.075,control_computational_hallucination,run_40,0.075,1.0,148329.2327438427,148327.7563935332,1.4763503095179469,612.9307138175318,612.9246131964181,0.006100621113710524,242,612.9246131964181,0.006100621113710524,746.3178131452411,0.00741728547649,1731.9063391635846,41.61617881501838,9.95329765253776e-06,230.94187670292388,0.06789703611982387
analysis-gemma3-1b-n50-lr1e-5-d20000-k0.075,control_computational_hallucination,run_40,0.075,1.5,148329.97091899748,148327.7563935332,2.21452546427692,612.9337641280888,612.9246131964181,0.009150931670565786,242,612.9246131964181,0.006100621113710524,746.3178131452411,0.00741728547649,1731.8977905803404,41.61607610744122,9.95329765253776e-06,230.94127209207863,0.067896530657992
analysis-gemma3-1b-n50-lr1e-5-d20000-k0.075,control_computational_hallucination,run_40,0.075,2.0,148330.70909415223,148327.7563935332,2.9527006190358938,612.9368144386456,612.9246131964181,0.012201242227421048,242,612.9246131964181,0.006100621113710524,746.3178131452411,0.00741728547649,1731.889242059476,41.61597340036006,9.95329765253776e-06,230.9406674812335,0.0678960252020003
analysis-gemma3-1b-n50-lr1e-5-d20000-k0.075,control_computational_hallucination,run_41,0.075,0.0,675335.9591569075,675335.9591569075,0.0,738.0720865102815,738.0720865102815,0.0,915,738.0720865102815,0.005340866915490188,825.3222468250581,0.00741728547649,2882.7389466109385,53.69114402404682,7.236240217053363e-06,285.049718603213,0.07274512206240832
analysis-gemma3-1b-n50-lr1e-5-d20000-k0.075,control_computational_hallucination,run_41,0.075,0.5,675338.4026035212,675335.9591569075,2.4434466138367608,738.0747569437391,738.0720865102815,0.002670433457745094,915,738.0720865102815,0.005340866915490188,825.3222468250581,0.00741728547649,2882.7216082657856,53.69098256007042,7.236240217053363e-06,285.04971347955075,0.07274464009905585
analysis-gemma3-1b-n50-lr1e-5-d20000-k0.075,control_computational_hallucination,run_41,0.075,1.0,675340.8460501351,675335.9591569075,4.8868932276735215,738.0774273771968,738.0720865102815,0.005340866915490188,915,738.0720865102815,0.005340866915490188,825.3222468250581,0.00741728547649,2882.7042699795115,53.69082109615676,7.236240217053363e-06,285.0497083558887,0.07274415813927594
analysis-gemma3-1b-n50-lr1e-5-d20000-k0.075,control_computational_hallucination,run_41,0.075,1.5,675343.2894967489,675335.9591569075,7.330339841510282,738.0800978106546,738.0720865102815,0.008011300373235282,915,738.0720865102815,0.005340866915490188,825.3222468250581,0.00741728547649,2882.6869317521155,53.69065963230584,7.236240217053363e-06,285.0497032322264,0.07274367618306857
analysis-gemma3-1b-n50-lr1e-5-d20000-k0.075,control_computational_hallucination,run_41,0.075,2.0,675345.7329433628,675335.9591569075,9.773786455347043,738.0827682441123,738.0720865102815,0.010681733830980375,915,738.0720865102815,0.005340866915490188,825.3222468250581,0.00741728547649,2882.6695935835974,53.69049816851765,7.236240217053363e-06,285.04969810856414,0.0727431942304337
analysis-gemma3-1b-n50-lr1e-5-d20000-k0.075,control_computational_hallucination,run_42,0.075,0.0,255105.31670495123,255105.31670495123,0.0,625.258129178802,625.258129178802,0.0,408,625.258129178802,0.0060154693717069585,842.5386236275468,0.00741728547649,3106.6269228639962,55.73712338167441,9.620777549277962e-06,332.3401399501216,0.08914258092874076
analysis-gemma3-1b-n50-lr1e-5-d20000-k0.075,control_computational_hallucination,run_42,0.075,0.5,255106.543860703,255105.31670495123,1.2271557518282195,625.2611369134878,625.258129178802,0.0030077346858534792,408,625.258129178802,0.0060154693717069585,842.5386236275468,0.00741728547649,3106.6222982132026,55.73708189538812,9.620777549277962e-06,332.33998147468685,0.08914208576999724
analysis-gemma3-1b-n50-lr1e-5-d20000-k0.075,control_computational_hallucination,run_42,0.075,1.0,255107.77101645485,255105.31670495123,2.454311503656439,625.2641446481737,625.258129178802,0.0060154693717069585,408,625.258129178802,0.0060154693717069585,842.5386236275468,0.00741728547649,3106.617673653505,55.73704040988815,9.620777549277962e-06,332.3398229992521,0.08914159061727506
analysis-gemma3-1b-n50-lr1e-5-d20000-k0.075,control_computational_hallucination,run_42,0.075,1.5,255108.9981722067,255105.31670495123,3.6814672554846584,625.2671523828595,625.258129178802,0.009023204057560437,408,625.258129178802,0.0060154693717069585,842.5386236275468,0.00741728547649,3106.613049184905,55.73699892517451,9.620777549277962e-06,332.3396645238173,0.08914109547057414
analysis-gemma3-1b-n50-lr1e-5-d20000-k0.075,control_computational_hallucination,run_42,0.075,2.0,255110.22532795853,255105.31670495123,4.908623007312878,625.2701601175454,625.258129178802,0.012030938743413917,408,625.258129178802,0.0060154693717069585,842.5386236275468,0.00741728547649,3106.608424807402,55.736957441247206,9.620777549277962e-06,332.3395060483824,0.08914060032989442
analysis-gemma3-1b-n50-lr1e-5-d20000-k0.075,control_computational_hallucination,run_43,0.075,0.0,729164.4944091055,729164.4944091055,0.0,714.1669876680759,714.1669876680759,0.0,1021,714.1669876680759,0.005439670940463563,804.8885730455138,0.00741728547649,4201.358829153847,64.81788973079767,7.616805361201832e-06,262.1067263342934,0.0907601315239219
analysis-gemma3-1b-n50-lr1e-5-d20000-k0.075,control_computational_hallucination,run_43,0.075,0.5,729167.2713611205,729164.4944091055,2.776952015106649,714.1697075035461,714.1669876680759,0.0027198354702317813,1021,714.1669876680759,0.005439670940463563,804.8885730455138,0.00741728547649,4201.335825141227,64.8177122794474,7.616805361201832e-06,262.1060938873087,0.09075953740186546
analysis-gemma3-1b-n50-lr1e-5-d20000-k0.075,control_computational_hallucination,run_43,0.075,1.0,729170.0483131356,729164.4944091055,5.553904030213298,714.1724273390163,714.1669876680759,0.005439670940463563,1021,714.1669876680759,0.005439670940463563,804.8885730455138,0.00741728547649,4201.3128212104775,64.81753482824287,7.616805361201832e-06,262.10546144032423,0.09075894328453836
analysis-gemma3-1b-n50-lr1e-5-d20000-k0.075,control_computational_hallucination,run_43,0.075,1.5,729172.8252651508,729164.4944091055,8.330856045319948,714.1751471744865,714.1669876680759,0.008159506410695346,1021,714.1669876680759,0.005439670940463563,804.8885730455138,0.00741728547649,4201.289817361599,64.81735737718407,7.616805361201832e-06,262.10482899333954,0.09075834917194053
analysis-gemma3-1b-n50-lr1e-5-d20000-k0.075,control_computational_hallucination,run_43,0.075,2.0,729175.602217166,729164.4944091055,11.107808060426596,714.1778670099569,714.1669876680759,0.010879341880927125,1021,714.1669876680759,0.005439670940463563,804.8885730455138,0.00741728547649,4201.2668135945905,64.81717992627102,7.616805361201832e-06,262.10419654635496,0.09075775506407195
analysis-gemma3-1b-n50-lr1e-5-d20000-k0.075,control_computational_hallucination,run_44,0.075,0.0,566823.7204810169,566823.7204810169,0.0,730.442938764197,730.442938764197,0.0,776,730.442938764197,0.005421697204240098,809.2449420404987,0.00741728547649,2368.8883828669286,48.67122746414896,7.422478768037404e-06,192.40870170267044,0.06663248404658903
analysis-gemma3-1b-n50-lr1e-5-d20000-k0.075,control_computational_hallucination,run_44,0.075,0.5,566825.8240995322,566823.7204810169,2.103618515245158,730.4456496127992,730.442938764197,0.002710848602120049,776,730.442938764197,0.005421697204240098,809.2449420404987,0.00741728547649,2368.8725538957387,48.6710648527001,7.422478768037404e-06,192.4074798051147,0.06663201413890282
analysis-gemma3-1b-n50-lr1e-5-d20000-k0.075,control_computational_hallucination,run_44,0.075,1.0,566827.9277180474,566823.7204810169,4.207237030490316,730.4483604614013,730.442938764197,0.005421697204240098,776,730.442938764197,0.005421697204240098,809.2449420404987,0.00741728547649,2368.8567249815674,48.67090224129369,7.422478768037404e-06,192.40625790755905,0.06663154423476261
analysis-gemma3-1b-n50-lr1e-5-d20000-k0.075,control_computational_hallucination,run_44,0.075,1.5,566830.0313365627,566823.7204810169,6.310855545735475,730.4510713100035,730.442938764197,0.008132545806360148,776,730.442938764197,0.005421697204240098,809.2449420404987,0.00741728547649,2368.840896124414,48.67073962992975,7.422478768037404e-06,192.4050360100033,0.06663107433416834
analysis-gemma3-1b-n50-lr1e-5-d20000-k0.075,control_computational_hallucination,run_44,0.075,2.0,566832.1349550779,566823.7204810169,8.414474060980632,730.4537821586056,730.442938764197,0.010843394408480197,776,730.442938764197,0.005421697204240098,809.2449420404987,0.00741728547649,2368.8250673242787,48.67057701860826,7.422478768037404e-06,192.40381411244766,0.06663060443711999
analysis-gemma3-1b-n50-lr1e-5-d20000-k0.075,control_computational_hallucination,run_45,0.075,0.0,680425.7128786291,680425.7128786291,0.0,739.5931661724229,739.5931661724229,0.0,920,739.5931661724229,0.0053312140421573825,809.3754846679216,0.00741728547649,2667.295671288162,51.64586790139325,7.20830624997217e-06,254.3321870528249,0.06983010425674072
analysis-gemma3-1b-n50-lr1e-5-d20000-k0.075,control_computational_hallucination,run_45,0.075,0.5,680428.1652370886,680425.7128786291,2.452358459392396,739.5958317794441,739.5931661724229,0.0026656070210786913,920,739.5931661724229,0.0053312140421573825,809.3754846679216,0.00741728547649,2667.2789022696684,51.64570555496041,7.20830624997217e-06,254.33128627587485,0.06982963307229907
analysis-gemma3-1b-n50-lr1e-5-d20000-k0.075,control_computational_hallucination,run_45,0.075,1.0,680430.6175955478,680425.7128786291,4.904716918784792,739.598497386465,739.5931661724229,0.0053312140421573825,920,739.5931661724229,0.0053312140421573825,809.3754846679216,0.00741728547649,2667.2621333085513,51.64554320857272,7.20830624997217e-06,254.33038549892467,0.06982916189131491
analysis-gemma3-1b-n50-lr1e-5-d20000-k0.075,control_computational_hallucination,run_45,0.075,1.5,680433.0699540074,680425.7128786291,7.357075378177187,739.6011629934864,739.5931661724229,0.007996821063236074,920,739.5931661724229,0.0053312140421573825,809.3754846679216,0.00741728547649,2667.2453644048105,51.64538086223017,7.20830624997217e-06,254.3294847219746,0.06982869071378814
analysis-gemma3-1b-n50-lr1e-5-d20000-k0.075,control_computational_hallucination,run_45,0.075,2.0,680435.5223124668,680425.7128786291,9.809433837569584,739.6038286005073,739.5931661724229,0.010662428084314765,920,739.5931661724229,0.0053312140421573825,809.3754846679216,0.00741728547649,2667.228595558446,51.64521851593278,7.20830624997217e-06,254.32858394502443,0.06982821953971881
analysis-gemma3-1b-n50-lr1e-5-d20000-k0.075,control_computational_hallucination,run_46,0.075,0.0,552825.6428530053,552825.6428530053,0.0,728.360530768123,728.360530768123,0.0,759,728.360530768123,0.005444365039521253,806.1294150464723,0.00741728547649,2265.371599073717,47.5959199834788,7.474821615855091e-06,189.29317470864407,0.06534664904657113
analysis-gemma3-1b-n50-lr1e-5-d20000-k0.075,control_computational_hallucination,run_46,0.075,0.5,552827.7089895378,552825.6428530053,2.0661365324983154,728.3632529506426,728.360530768123,0.0027221825197606265,759,728.360530768123,0.005444365039521253,806.1294150464723,0.00741728547649,2265.3564515377498,47.595760856800574,7.474821615855091e-06,189.29191761511152,0.06534618634862115
analysis-gemma3-1b-n50-lr1e-5-d20000-k0.075,control_computational_hallucination,run_46,0.075,1.0,552829.7751260704,552825.6428530053,4.132273064996631,728.3659751331626,728.360530768123,0.005444365039521253,759,728.360530768123,0.005444365039521253,806.1294150464723,0.00741728547649,2265.341304056515,47.59560173016531,7.474821615855091e-06,189.29066052157896,0.06534572365418868
analysis-gemma3-1b-n50-lr1e-5-d20000-k0.075,control_computational_hallucination,run_46,0.075,1.5,552831.8412626028,552825.6428530053,6.198409597494946,728.3686973156822,728.360530768123,0.00816654755928188,759,728.360530768123,0.005444365039521253,806.1294150464723,0.00741728547649,2265.326156630014,47.59544260357302,7.474821615855091e-06,189.2894034280464,0.06534526096327377
analysis-gemma3-1b-n50-lr1e-5-d20000-k0.075,control_computational_hallucination,run_46,0.075,2.0,552833.9073991353,552825.6428530053,8.264546129993262,728.3714194982019,728.360530768123,0.010888730079042506,759,728.360530768123,0.005444365039521253,806.1294150464723,0.00741728547649,2265.3110092582447,47.59528347702369,7.474821615855091e-06,189.28814633451384,0.06534479827587632
analysis-gemma3-1b-n50-lr1e-5-d20000-k0.075,control_computational_hallucination,run_47,0.075,0.0,717725.0024513941,717725.0024513941,0.0,742.9865449807393,742.9865449807393,0.0,966,742.9865449807393,0.005335863378889084,810.9667524735796,0.00741728547649,2522.6145807132134,50.225636687982494,7.181642002719454e-06,194.13051213575136,0.06759965846929908
analysis-gemma3-1b-n50-lr1e-5-d20000-k0.075,control_computational_hallucination,run_47,0.075,0.5,717727.5796734062,717725.0024513941,2.5772220120034275,742.9892129124288,742.9865449807393,0.002667931689444542,966,742.9865449807393,0.005335863378889084,810.9667524735796,0.00741728547649,2522.5976114534446,50.225467757438004,7.181642002719454e-06,194.12923055409715,0.06759918836581782
analysis-gemma3-1b-n50-lr1e-5-d20000-k0.075,control_computational_hallucination,run_47,0.075,1.0,717730.1568954181,717725.0024513941,5.154444024006855,742.9918808441181,742.9865449807393,0.005335863378889084,966,742.9865449807393,0.005335863378889084,810.9667524735796,0.00741728547649,2522.58064225414,50.22529882692725,7.181642002719454e-06,194.12794897244294,0.0675987182657581
analysis-gemma3-1b-n50-lr1e-5-d20000-k0.075,control_computational_hallucination,run_47,0.075,1.5,717732.7341174302,717725.0024513941,7.7316660360102825,742.9945487758076,742.9865449807393,0.008003795068333626,966,742.9865449807393,0.005335863378889084,810.9667524735796,0.00741728547649,2522.5636731152986,50.22512989645023,7.181642002719454e-06,194.12666739078873,0.0675982481691198
analysis-gemma3-1b-n50-lr1e-5-d20000-k0.075,control_computational_hallucination,run_47,0.075,2.0,717735.3113394422,717725.0024513941,10.30888804801371,742.997216707497,742.9865449807393,0.010671726757778168,966,742.9865449807393,0.005335863378889084,810.9667524735796,0.00741728547649,2522.5467040369226,50.22496096600696,7.181642002719454e-06,194.1253858091344,0.06759777807590296
analysis-gemma3-1b-n50-lr1e-5-d20000-k0.075,control_computational_hallucination,run_48,0.075,0.0,713108.9682430418,713108.9682430418,0.0,696.3954767998455,696.3954767998455,0.0,1024,696.3954767998455,0.00552454834590595,816.056563974157,0.00741728547649,4053.1605391313487,63.6644370047466,7.933061787381179e-06,286.8885346627359,0.09141994617383868
analysis-gemma3-1b-n50-lr1e-5-d20000-k0.075,control_computational_hallucination,run_48,0.075,0.5,713111.7968117949,713108.9682430418,2.8285687531038466,696.3982390740184,696.3954767998455,0.002762274172952975,1024,696.3954767998455,0.00552454834590595,816.056563974157,0.00741728547649,4053.141990965153,63.66429133325175,7.933061787381179e-06,286.8879067175204,0.0914193743767997
analysis-gemma3-1b-n50-lr1e-5-d20000-k0.075,control_computational_hallucination,run_48,0.075,1.0,713114.625380548,713108.9682430418,5.657137506207693,696.4010013481914,696.3954767998455,0.00552454834590595,1024,696.3954767998455,0.00552454834590595,816.056563974157,0.00741728547649,4053.123442864304,63.66414566193678,7.933061787381179e-06,286.88727877230485,0.09141880258455508
analysis-gemma3-1b-n50-lr1e-5-d20000-k0.075,control_computational_hallucination,run_48,0.075,1.5,713117.453949301,713108.9682430418,8.48570625931154,696.4037636223643,696.3954767998455,0.008286822518858926,1024,696.3954767998455,0.00552454834590595,816.056563974157,0.00741728547649,4053.104894828799,63.6639999908017,7.933061787381179e-06,286.8866508270894,0.09141823079710477
analysis-gemma3-1b-n50-lr1e-5-d20000-k0.075,control_computational_hallucination,run_48,0.075,2.0,713120.2825180541,713108.9682430418,11.314275012415386,696.4065258965372,696.3954767998455,0.0110490966918119,1024,696.3954767998455,0.00552454834590595,816.056563974157,0.00741728547649,4053.0863468586394,63.663854319846514,7.933061787381179e-06,286.8860228818738,0.09141765901444875
analysis-gemma3-1b-n50-lr1e-5-d20000-k0.075,control_computational_hallucination,run_49,0.075,0.0,39307.62075298775,39307.62075298775,0.0,633.9938831127057,633.9938831127057,0.0,62,633.9938831127057,0.005697650566382159,727.8563405887494,0.00741728547649,757.7696698436258,27.527616494052403,8.98691725290555e-06,146.41577086327914,0.043419372374541965
analysis-gemma3-1b-n50-lr1e-5-d20000-k0.075,control_computational_hallucination,run_49,0.075,0.5,39307.79738015531,39307.62075298775,0.17662716755784694,633.9967319379889,633.9938831127057,0.0028488252831910797,62,633.9938831127057,0.005697650566382159,727.8563405887494,0.00741728547649,757.7607652331467,27.52745475399327,8.98691725290555e-06,146.41513292619402,0.04341892216044691
analysis-gemma3-1b-n50-lr1e-5-d20000-k0.075,control_computational_hallucination,run_49,0.075,1.0,39307.97400732287,39307.62075298775,0.3532543351156939,633.9995807632721,633.9938831127057,0.005697650566382159,62,633.9938831127057,0.005697650566382159,727.8563405887494,0.00741728547649,757.751860731705,27.52729301496435,8.98691725290555e-06,146.41449498910902,0.04341847195202281
analysis-gemma3-1b-n50-lr1e-5-d20000-k0.075,control_computational_hallucination,run_49,0.075,1.5,39308.15063449042,39307.62075298775,0.5298815026735408,634.0024295885552,633.9938831127057,0.00854647584957324,62,633.9938831127057,0.005697650566382159,727.8563405887494,0.00741728547649,757.7429563393013,27.52713127696566,8.98691725290555e-06,146.413857052024,0.043418021749269606
analysis-gemma3-1b-n50-lr1e-5-d20000-k0.075,control_computational_hallucination,run_49,0.075,2.0,39308.32726165798,39307.62075298775,0.7065086702313877,634.0052784138384,633.9938831127057,0.011395301132764319,62,633.9938831127057,0.005697650566382159,727.8563405887494,0.00741728547649,757.7340520559341,27.526969539997207,8.98691725290555e-06,146.4132191149389,0.04341757155218722
analysis-gemma3-1b-n50-lr1e-5-d20000-k0.075,control_computational_hallucination,run_5,0.075,0.0,150314.77954407287,150314.77954407287,0.0,613.5297124247872,613.5297124247872,0.0,245,613.5297124247872,0.0059983305940669905,709.3888017129104,0.00741728547649,1685.8150098153983,41.05867764328752,9.776756483985814e-06,187.6282195943228,0.06692206882860773
analysis-gemma3-1b-n50-lr1e-5-d20000-k0.075,control_computational_hallucination,run_5,0.075,0.5,150315.51433957063,150314.77954407287,0.7347954977732063,613.5327115900842,613.5297124247872,0.0029991652970334953,245,613.5297124247872,0.0059983305940669905,709.3888017129104,0.00741728547649,1685.8050496575268,41.058556351356614,9.776756483985814e-06,187.62733807576683,0.06692154399550389
analysis-gemma3-1b-n50-lr1e-5-d20000-k0.075,control_computational_hallucination,run_5,0.075,1.0,150316.24913506844,150314.77954407287,1.4695909955464126,613.5357107553814,613.5297124247872,0.0059983305940669905,245,613.5297124247872,0.0059983305940669905,709.3888017129104,0.00741728547649,1685.795089572501,41.0584350599545,9.776756483985814e-06,187.62645655721076,0.06692101916839299
analysis-gemma3-1b-n50-lr1e-5-d20000-k0.075,control_computational_hallucination,run_5,0.075,1.5,150316.98393056617,150314.77954407287,2.204386493319619,613.5387099206782,613.5297124247872,0.008997495891100485,245,613.5297124247872,0.0059983305940669905,709.3888017129104,0.00741728547649,1685.7851295603205,41.058313769081174,9.776756483985814e-06,187.62557503865492,0.06692049434727505
analysis-gemma3-1b-n50-lr1e-5-d20000-k0.075,control_computational_hallucination,run_5,0.075,2.0,150317.71872606396,150314.77954407287,2.939181991092825,613.5417090859753,613.5297124247872,0.011996661188133981,245,613.5297124247872,0.0059983305940669905,709.3888017129104,0.00741728547649,1685.775169620985,41.05819247873663,9.776756483985814e-06,187.62469352009884,0.06691996953214988
analysis-gemma3-1b-n50-lr1e-5-d20000-k0.075,control_computational_hallucination,run_6,0.075,0.0,81800.7752523824,81800.7752523824,0.0,629.2367327106339,629.2367327106339,0.0,130,629.2367327106339,0.005870759388963382,703.1405462111992,0.00741728547649,396.96088847473436,19.923877345404794,9.329969284649438e-06,167.85797334667734,0.03166356366319631
analysis-gemma3-1b-n50-lr1e-5-d20000-k0.075,control_computational_hallucination,run_6,0.075,0.5,81801.15685174268,81800.7752523824,0.3815993602826198,629.2396680903283,629.2367327106339,0.002935379694481691,130,629.2367327106339,0.005870759388963382,703.1405462111992,0.00741728547649,396.9580080592995,19.92380505975953,9.329969284649438e-06,167.85763686314544,0.03166330107608448
analysis-gemma3-1b-n50-lr1e-5-d20000-k0.075,control_computational_hallucination,run_6,0.075,1.0,81801.53845110297,81800.7752523824,0.7631987205652396,629.2426034700228,629.2367327106339,0.005870759388963382,130,629.2367327106339,0.005870759388963382,703.1405462111992,0.00741728547649,396.95512769815565,19.92373277521448,9.329969284649438e-06,167.85730037961366,0.031663038493171015
analysis-gemma3-1b-n50-lr1e-5-d20000-k0.075,control_computational_hallucination,run_6,0.075,1.5,81801.92005046325,81800.7752523824,1.1447980808478595,629.2455388497173,629.2367327106339,0.008806139083445073,130,629.2367327106339,0.005870759388963382,703.1405462111992,0.00741728547649,396.95224739130276,19.92366049176965,9.329969284649438e-06,167.85696389608177,0.0316627759144559
analysis-gemma3-1b-n50-lr1e-5-d20000-k0.075,control_computational_hallucination,run_6,0.075,2.0,81802.30164982354,81800.7752523824,1.5263974411304793,629.2484742294118,629.2367327106339,0.011741518777926764,130,629.2367327106339,0.005870759388963382,703.1405462111992,0.00741728547649,396.9493671387405,19.92358820942504,9.329969284649438e-06,167.85662741254987,0.031662513339939045
analysis-gemma3-1b-n50-lr1e-5-d20000-k0.075,control_computational_hallucination,run_7,0.075,0.0,737585.1571649576,737585.1571649576,0.0,720.2980050439039,720.2980050439039,0.0,1024,720.2980050439039,0.005467489586827645,807.3294148368822,0.00741728547649,1978.4174001278348,44.47940422406571,7.5905938216424585e-06,225.29517676975627,0.06175139166372477
analysis-gemma3-1b-n50-lr1e-5-d20000-k0.075,control_computational_hallucination,run_7,0.075,0.5,737587.9565196261,737585.1571649576,2.7993546684557544,720.3007387886973,720.2980050439039,0.0027337447934138227,1024,720.2980050439039,0.005467489586827645,807.3294148368822,0.00741728547649,1978.4055343446125,44.47927083872455,7.5905938216424585e-06,225.2945498607246,0.06175097211967833
analysis-gemma3-1b-n50-lr1e-5-d20000-k0.075,control_computational_hallucination,run_7,0.075,1.0,737590.7558742946,737585.1571649576,5.598709336911509,720.3034725334908,720.2980050439039,0.005467489586827645,1024,720.2980050439039,0.005467489586827645,807.3294148368822,0.00741728547649,1978.3936686047539,44.479137453470855,7.5905938216424585e-06,225.29392295169282,0.06175055257893788
analysis-gemma3-1b-n50-lr1e-5-d20000-k0.075,control_computational_hallucination,run_7,0.075,1.5,737593.555228963,737585.1571649576,8.398064005367264,720.3062062782842,720.2980050439039,0.008201234380241468,1024,720.2980050439039,0.005467489586827645,807.3294148368822,0.00741728547649,1978.3818029082597,44.479004068304626,7.5905938216424585e-06,225.29329604266115,0.061750133041503376
analysis-gemma3-1b-n50-lr1e-5-d20000-k0.075,control_computational_hallucination,run_7,0.075,2.0,737596.3545836314,737585.1571649576,11.197418673823018,720.3089400230775,720.2980050439039,0.01093497917365529,1024,720.2980050439039,0.005467489586827645,807.3294148368822,0.00741728547649,1978.3699372551291,44.478870683225864,7.5905938216424585e-06,225.2926691336295,0.061749713507374814
analysis-gemma3-1b-n50-lr1e-5-d20000-k0.075,control_computational_hallucination,run_8,0.075,0.0,56831.019803041505,56831.019803041505,0.0,660.8258116632733,660.8258116632733,0.0,86,660.8258116632733,0.005785958737358249,830.549200227888,0.00741728547649,5786.486909060821,76.0689615353123,8.755648818854717e-06,301.37293840283496,0.11511197079885489
analysis-gemma3-1b-n50-lr1e-5-d20000-k0.075,control_computational_hallucination,run_8,0.075,0.5,56831.268599267205,56831.019803041505,0.2487962257064047,660.8287046426419,660.8258116632733,0.0028929793686791245,86,660.8258116632733,0.005785958737358249,830.549200227888,0.00741728547649,5786.476256808658,76.06889151820643,8.755648818854717e-06,301.3723558909468,0.11511136090757801
analysis-gemma3-1b-n50-lr1e-5-d20000-k0.075,control_computational_hallucination,run_8,0.075,1.0,56831.51739549292,56831.019803041505,0.4975924514128094,660.8315976220107,660.8258116632733,0.005785958737358249,86,660.8258116632733,0.005785958737358249,830.549200227888,0.00741728547649,5786.465604705365,76.06882150201464,8.755648818854717e-06,301.3717733790586,0.11511075102302429
analysis-gemma3-1b-n50-lr1e-5-d20000-k0.075,control_computational_hallucination,run_8,0.075,1.5,56831.766191718634,56831.019803041505,0.7463886771192141,660.8344906013795,660.8258116632733,0.008678938106037372,86,660.8258116632733,0.005785958737358249,830.549200227888,0.00741728547649,5786.454952750941,76.06875148673693,8.755648818854717e-06,301.3711908671703,0.11511014114519363
analysis-gemma3-1b-n50-lr1e-5-d20000-k0.075,control_computational_hallucination,run_8,0.075,2.0,56832.01498794435,56831.019803041505,0.9951849028256188,660.8373835807482,660.8258116632733,0.011571917474716498,86,660.8258116632733,0.005785958737358249,830.549200227888,0.00741728547649,5786.4443009453835,76.06868147237327,8.755648818854717e-06,301.3706083552821,0.11510953127408595
analysis-gemma3-1b-n50-lr1e-5-d20000-k0.075,control_computational_hallucination,run_9,0.075,0.0,734538.1598284942,734538.1598284942,0.0,717.3224217075139,717.3224217075139,0.0,1024,717.3224217075139,0.005431918952057207,803.7128631416992,0.00741728547649,4184.616872609754,64.68861470621978,7.572492909293245e-06,249.92701979261892,0.09018066736605701
analysis-gemma3-1b-n50-lr1e-5-d20000-k0.075,control_computational_hallucination,run_9,0.075,0.5,734540.9409709976,734538.1598284942,2.78114250345329,717.3251376669898,717.3224217075139,0.0027159594760286037,1024,717.3224217075139,0.005431918952057207,803.7128631416992,0.00741728547649,4184.594235384153,64.68843973527382,7.572492909293245e-06,249.9260707322311,0.09018008199972591
analysis-gemma3-1b-n50-lr1e-5-d20000-k0.075,control_computational_hallucination,run_9,0.075,1.0,734543.722113501,734538.1598284942,5.56228500690658,717.3278536264659,717.3224217075139,0.005431918952057207,1024,717.3224217075139,0.005431918952057207,803.7128631416992,0.00741728547649,4184.571598233813,64.68826476443631,7.572492909293245e-06,249.92512167184327,0.09017949663797864
analysis-gemma3-1b-n50-lr1e-5-d20000-k0.075,control_computational_hallucination,run_9,0.075,1.5,734546.5032560045,734538.1598284942,8.34342751035987,717.3305695859419,717.3224217075139,0.00814787842808581,1024,717.3224217075139,0.005431918952057207,803.7128631416992,0.00741728547649,4184.5489611587345,64.68808979370726,7.572492909293245e-06,249.92417261145545,0.09017891128081516
analysis-gemma3-1b-n50-lr1e-5-d20000-k0.075,control_computational_hallucination,run_9,0.075,2.0,734549.284398508,734538.1598284942,11.12457001381316,717.333285545418,717.3224217075139,0.010863837904114415,1024,717.3224217075139,0.005431918952057207,803.7128631416992,0.00741728547649,4184.526324158916,64.68791482308667,7.572492909293245e-06,249.92322355106774,0.09017832592823542
